log2Enrich	feature	primary_diagnosis	cohort
1	-0.067	CpG-Island	colon	Cancer
2	1.21	Promoter	colon	Cancer
3	0.894	5UTR	colon	Cancer
4	1.563	Exon	colon	Cancer
5	0.362	Intron	colon	Cancer
6	0.934	TTS	colon	Cancer
7	0.86	3UTR	colon	Cancer
8	-1.272	Intergenic	colon	Cancer
9	1.244	SINE	colon	Cancer
10	-0.981	LINE	colon	Cancer
11	-0.574	CpG-Island	ovary	Cancer
12	0.635	Promoter	ovary	Cancer
13	0.605	5UTR	ovary	Cancer
14	1.221	Exon	ovary	Cancer
15	0.255	Intron	ovary	Cancer
16	0.866	TTS	ovary	Cancer
17	0.776	3UTR	ovary	Cancer
18	-1.219	Intergenic	ovary	Cancer
19	1.603	SINE	ovary	Cancer
20	-1.429	LINE	ovary	Cancer
21	-0.116	CpG-Island	ovary	Cancer
22	1.044	Promoter	ovary	Cancer
23	0.835	5UTR	ovary	Cancer
24	1.522	Exon	ovary	Cancer
25	0.366	Intron	ovary	Cancer
26	0.925	TTS	ovary	Cancer
27	0.897	3UTR	ovary	Cancer
28	-1.054	Intergenic	ovary	Cancer
29	1.084	SINE	ovary	Cancer
30	-0.832	LINE	ovary	Cancer
31	1.15	CpG-Island	ovary	Cancer
32	1.182	Promoter	ovary	Cancer
33	0.966	5UTR	ovary	Cancer
34	1.905	Exon	ovary	Cancer
35	0.659	Intron	ovary	Cancer
36	1.113	TTS	ovary	Cancer
37	1.125	3UTR	ovary	Cancer
38	-0.709	Intergenic	ovary	Cancer
39	0.909	SINE	ovary	Cancer
40	-1.884	LINE	ovary	Cancer
41	1.489	CpG-Island	breast	Cancer
42	1.615	Promoter	breast	Cancer
43	1.417	5UTR	breast	Cancer
44	1.69	Exon	breast	Cancer
45	0.515	Intron	breast	Cancer
46	1.033	TTS	breast	Cancer
47	0.793	3UTR	breast	Cancer
48	-0.873	Intergenic	breast	Cancer
49	1.06	SINE	breast	Cancer
50	-1.455	LINE	breast	Cancer
51	2.009	CpG-Island	breast	Cancer
52	1.605	Promoter	breast	Cancer
53	1.155	5UTR	breast	Cancer
54	2.458	Exon	breast	Cancer
55	0.56	Intron	breast	Cancer
56	1.538	TTS	breast	Cancer
57	1.391	3UTR	breast	Cancer
58	-1.171	Intergenic	breast	Cancer
59	1.15	SINE	breast	Cancer
60	-2.277	LINE	breast	Cancer
61	1.329	CpG-Island	breast	Cancer
62	1.523	Promoter	breast	Cancer
63	1.144	5UTR	breast	Cancer
64	1.706	Exon	breast	Cancer
65	0.509	Intron	breast	Cancer
66	1.036	TTS	breast	Cancer
67	0.852	3UTR	breast	Cancer
68	-0.817	Intergenic	breast	Cancer
69	1.083	SINE	breast	Cancer
70	-1.608	LINE	breast	Cancer
71	1.546	CpG-Island	breast	Cancer
72	1.616	Promoter	breast	Cancer
73	1.312	5UTR	breast	Cancer
74	2.261	Exon	breast	Cancer
75	0.657	Intron	breast	Cancer
76	1.629	TTS	breast	Cancer
77	1.486	3UTR	breast	Cancer
78	-1.135	Intergenic	breast	Cancer
79	1.012	SINE	breast	Cancer
80	-2.024	LINE	breast	Cancer
81	1.478	CpG-Island	breast	Cancer
82	1.374	Promoter	breast	Cancer
83	1.159	5UTR	breast	Cancer
84	2.348	Exon	breast	Cancer
85	0.657	Intron	breast	Cancer
86	1.652	TTS	breast	Cancer
87	1.429	3UTR	breast	Cancer
88	-1.193	Intergenic	breast	Cancer
89	1.079	SINE	breast	Cancer
90	-2.139	LINE	breast	Cancer
91	1.584	CpG-Island	breast	Cancer
92	1.879	Promoter	breast	Cancer
93	1.477	5UTR	breast	Cancer
94	1.986	Exon	breast	Cancer
95	0.466	Intron	breast	Cancer
96	1.361	TTS	breast	Cancer
97	1.106	3UTR	breast	Cancer
98	-1.288	Intergenic	breast	Cancer
99	1.285	SINE	breast	Cancer
100	-1.836	LINE	breast	Cancer
101	0.626	CpG-Island	breast	Cancer
102	1.214	Promoter	breast	Cancer
103	0.902	5UTR	breast	Cancer
104	1.534	Exon	breast	Cancer
105	0.573	Intron	breast	Cancer
106	0.84	TTS	breast	Cancer
107	0.755	3UTR	breast	Cancer
108	-0.938	Intergenic	breast	Cancer
109	0.946	SINE	breast	Cancer
110	-1.07	LINE	breast	Cancer
111	1.477	CpG-Island	breast	Cancer
112	1.73	Promoter	breast	Cancer
113	1.373	5UTR	breast	Cancer
114	2.026	Exon	breast	Cancer
115	0.558	Intron	breast	Cancer
116	1.338	TTS	breast	Cancer
117	1.198	3UTR	breast	Cancer
118	-1.225	Intergenic	breast	Cancer
119	1.17	SINE	breast	Cancer
120	-1.847	LINE	breast	Cancer
121	1.258	CpG-Island	breast	Cancer
122	1.433	Promoter	breast	Cancer
123	1.195	5UTR	breast	Cancer
124	1.503	Exon	breast	Cancer
125	0.562	Intron	breast	Cancer
126	0.838	TTS	breast	Cancer
127	0.794	3UTR	breast	Cancer
128	-0.874	Intergenic	breast	Cancer
129	0.832	SINE	breast	Cancer
130	-0.941	LINE	breast	Cancer
131	1.7	CpG-Island	breast	Cancer
132	1.766	Promoter	breast	Cancer
133	1.332	5UTR	breast	Cancer
134	2.205	Exon	breast	Cancer
135	0.625	Intron	breast	Cancer
136	1.437	TTS	breast	Cancer
137	1.273	3UTR	breast	Cancer
138	-1.109	Intergenic	breast	Cancer
139	1.027	SINE	breast	Cancer
140	-1.876	LINE	breast	Cancer
141	1.212	CpG-Island	breast	Cancer
142	1.512	Promoter	breast	Cancer
143	1.093	5UTR	breast	Cancer
144	1.529	Exon	breast	Cancer
145	0.611	Intron	breast	Cancer
146	0.977	TTS	breast	Cancer
147	0.833	3UTR	breast	Cancer
148	-0.858	Intergenic	breast	Cancer
149	0.814	SINE	breast	Cancer
150	-1.125	LINE	breast	Cancer
151	1.471	CpG-Island	breast	Cancer
152	1.867	Promoter	breast	Cancer
153	1.454	5UTR	breast	Cancer
154	1.925	Exon	breast	Cancer
155	0.48	Intron	breast	Cancer
156	1.243	TTS	breast	Cancer
157	1.123	3UTR	breast	Cancer
158	-1.279	Intergenic	breast	Cancer
159	1.276	SINE	breast	Cancer
160	-1.738	LINE	breast	Cancer
161	1.476	CpG-Island	breast	Cancer
162	1.671	Promoter	breast	Cancer
163	1.196	5UTR	breast	Cancer
164	1.941	Exon	breast	Cancer
165	0.577	Intron	breast	Cancer
166	1.227	TTS	breast	Cancer
167	1.097	3UTR	breast	Cancer
168	-1.08	Intergenic	breast	Cancer
169	1.122	SINE	breast	Cancer
170	-1.744	LINE	breast	Cancer
171	1.031	CpG-Island	breast	Cancer
172	1.368	Promoter	breast	Cancer
173	1.142	5UTR	breast	Cancer
174	1.689	Exon	breast	Cancer
175	0.564	Intron	breast	Cancer
176	1.001	TTS	breast	Cancer
177	0.822	3UTR	breast	Cancer
178	-0.842	Intergenic	breast	Cancer
179	0.995	SINE	breast	Cancer
180	-1.454	LINE	breast	Cancer
181	1.109	CpG-Island	breast	Cancer
182	1.502	Promoter	breast	Cancer
183	1.125	5UTR	breast	Cancer
184	1.707	Exon	breast	Cancer
185	0.558	Intron	breast	Cancer
186	1.045	TTS	breast	Cancer
187	0.933	3UTR	breast	Cancer
188	-0.837	Intergenic	breast	Cancer
189	0.931	SINE	breast	Cancer
190	-1.354	LINE	breast	Cancer
191	1.814	CpG-Island	breast	Cancer
192	1.89	Promoter	breast	Cancer
193	1.53	5UTR	breast	Cancer
194	2.188	Exon	breast	Cancer
195	0.629	Intron	breast	Cancer
196	1.42	TTS	breast	Cancer
197	1.192	3UTR	breast	Cancer
198	-0.875	Intergenic	breast	Cancer
199	0.888	SINE	breast	Cancer
200	-1.919	LINE	breast	Cancer
201	1.764	CpG-Island	breast	Cancer
202	2.042	Promoter	breast	Cancer
203	1.594	5UTR	breast	Cancer
204	2.065	Exon	breast	Cancer
205	0.439	Intron	breast	Cancer
206	1.39	TTS	breast	Cancer
207	1.171	3UTR	breast	Cancer
208	-1.497	Intergenic	breast	Cancer
209	1.297	SINE	breast	Cancer
210	-1.757	LINE	breast	Cancer
211	1.716	CpG-Island	breast	Cancer
212	1.63	Promoter	breast	Cancer
213	1.132	5UTR	breast	Cancer
214	1.75	Exon	breast	Cancer
215	0.524	Intron	breast	Cancer
216	1.112	TTS	breast	Cancer
217	0.912	3UTR	breast	Cancer
218	-0.887	Intergenic	breast	Cancer
219	1.017	SINE	breast	Cancer
220	-1.475	LINE	breast	Cancer
221	1.102	CpG-Island	breast	Cancer
222	1.419	Promoter	breast	Cancer
223	1.037	5UTR	breast	Cancer
224	1.445	Exon	breast	Cancer
225	0.519	Intron	breast	Cancer
226	0.772	TTS	breast	Cancer
227	0.613	3UTR	breast	Cancer
228	-0.725	Intergenic	breast	Cancer
229	0.772	SINE	breast	Cancer
230	-0.925	LINE	breast	Cancer
231	1.321	CpG-Island	breast	Cancer
232	1.43	Promoter	breast	Cancer
233	1.185	5UTR	breast	Cancer
234	1.842	Exon	breast	Cancer
235	0.544	Intron	breast	Cancer
236	1.018	TTS	breast	Cancer
237	0.803	3UTR	breast	Cancer
238	-0.781	Intergenic	breast	Cancer
239	0.938	SINE	breast	Cancer
240	-1.423	LINE	breast	Cancer
241	1.141	CpG-Island	breast	Cancer
242	1.183	Promoter	breast	Cancer
243	1.047	5UTR	breast	Cancer
244	1.922	Exon	breast	Cancer
245	0.45	Intron	breast	Cancer
246	1.225	TTS	breast	Cancer
247	1.076	3UTR	breast	Cancer
248	-0.727	Intergenic	breast	Cancer
249	1.07	SINE	breast	Cancer
250	-1.614	LINE	breast	Cancer
251	2.125	CpG-Island	breast	Cancer
252	1.917	Promoter	breast	Cancer
253	1.54	5UTR	breast	Cancer
254	2.368	Exon	breast	Cancer
255	0.654	Intron	breast	Cancer
256	1.676	TTS	breast	Cancer
257	1.433	3UTR	breast	Cancer
258	-1.184	Intergenic	breast	Cancer
259	0.979	SINE	breast	Cancer
260	-2.15	LINE	breast	Cancer
261	0.926	CpG-Island	breast	Cancer
262	1.191	Promoter	breast	Cancer
263	0.968	5UTR	breast	Cancer
264	1.471	Exon	breast	Cancer
265	0.514	Intron	breast	Cancer
266	0.706	TTS	breast	Cancer
267	0.59	3UTR	breast	Cancer
268	-0.674	Intergenic	breast	Cancer
269	0.795	SINE	breast	Cancer
270	-0.923	LINE	breast	Cancer
271	1.885	CpG-Island	breast	Cancer
272	1.72	Promoter	breast	Cancer
273	1.382	5UTR	breast	Cancer
274	2.346	Exon	breast	Cancer
275	0.649	Intron	breast	Cancer
276	1.577	TTS	breast	Cancer
277	1.36	3UTR	breast	Cancer
278	-1.11	Intergenic	breast	Cancer
279	1.026	SINE	breast	Cancer
280	-2.169	LINE	breast	Cancer
281	1.714	CpG-Island	breast	Cancer
282	1.684	Promoter	breast	Cancer
283	1.589	5UTR	breast	Cancer
284	2.333	Exon	breast	Cancer
285	0.743	Intron	breast	Cancer
286	1.572	TTS	breast	Cancer
287	1.35	3UTR	breast	Cancer
288	-0.872	Intergenic	breast	Cancer
289	0.715	SINE	breast	Cancer
290	-2.053	LINE	breast	Cancer
291	1.273	CpG-Island	breast	Cancer
292	1.85	Promoter	breast	Cancer
293	1.37	5UTR	breast	Cancer
294	1.723	Exon	breast	Cancer
295	0.406	Intron	breast	Cancer
296	1.238	TTS	breast	Cancer
297	1.018	3UTR	breast	Cancer
298	-1.279	Intergenic	breast	Cancer
299	1.294	SINE	breast	Cancer
300	-1.525	LINE	breast	Cancer
301	1.199	CpG-Island	breast	Cancer
302	1.345	Promoter	breast	Cancer
303	1.044	5UTR	breast	Cancer
304	1.87	Exon	breast	Cancer
305	0.604	Intron	breast	Cancer
306	1.001	TTS	breast	Cancer
307	0.864	3UTR	breast	Cancer
308	-0.784	Intergenic	breast	Cancer
309	0.836	SINE	breast	Cancer
310	-1.337	LINE	breast	Cancer
311	1.526	CpG-Island	breast	Cancer
312	1.608	Promoter	breast	Cancer
313	1.117	5UTR	breast	Cancer
314	2.048	Exon	breast	Cancer
315	0.599	Intron	breast	Cancer
316	1.262	TTS	breast	Cancer
317	1.049	3UTR	breast	Cancer
318	-0.958	Intergenic	breast	Cancer
319	1.012	SINE	breast	Cancer
320	-1.762	LINE	breast	Cancer
321	1.331	CpG-Island	breast	Cancer
322	1.538	Promoter	breast	Cancer
323	1.137	5UTR	breast	Cancer
324	1.85	Exon	breast	Cancer
325	0.593	Intron	breast	Cancer
326	1.115	TTS	breast	Cancer
327	0.975	3UTR	breast	Cancer
328	-0.802	Intergenic	breast	Cancer
329	0.945	SINE	breast	Cancer
330	-1.64	LINE	breast	Cancer
331	1.451	CpG-Island	colon	Cancer
332	1.79	Promoter	colon	Cancer
333	1.242	5UTR	colon	Cancer
334	2.032	Exon	colon	Cancer
335	0.506	Intron	colon	Cancer
336	1.3	TTS	colon	Cancer
337	1.195	3UTR	colon	Cancer
338	-1.251	Intergenic	colon	Cancer
339	1.265	SINE	colon	Cancer
340	-1.935	LINE	colon	Cancer
341	1.357	CpG-Island	colon	Cancer
342	1.608	Promoter	colon	Cancer
343	1.072	5UTR	colon	Cancer
344	1.732	Exon	colon	Cancer
345	0.233	Intron	colon	Cancer
346	1.22	TTS	colon	Cancer
347	0.782	3UTR	colon	Cancer
348	-1.152	Intergenic	colon	Cancer
349	1.489	SINE	colon	Cancer
350	-1.822	LINE	colon	Cancer
351	1.215	CpG-Island	colon	Cancer
352	1.428	Promoter	colon	Cancer
353	1.009	5UTR	colon	Cancer
354	1.532	Exon	colon	Cancer
355	0.442	Intron	colon	Cancer
356	0.976	TTS	colon	Cancer
357	0.693	3UTR	colon	Cancer
358	-0.811	Intergenic	colon	Cancer
359	1.164	SINE	colon	Cancer
360	-1.529	LINE	colon	Cancer
361	1.246	CpG-Island	colon	Cancer
362	1.282	Promoter	colon	Cancer
363	1.032	5UTR	colon	Cancer
364	1.841	Exon	colon	Cancer
365	0.412	Intron	colon	Cancer
366	1.127	TTS	colon	Cancer
367	0.917	3UTR	colon	Cancer
368	-1.381	Intergenic	colon	Cancer
369	1.429	SINE	colon	Cancer
370	-1.703	LINE	colon	Cancer
371	1.092	CpG-Island	colon	Cancer
372	1.475	Promoter	colon	Cancer
373	1.07	5UTR	colon	Cancer
374	1.809	Exon	colon	Cancer
375	0.324	Intron	colon	Cancer
376	1.146	TTS	colon	Cancer
377	0.949	3UTR	colon	Cancer
378	-1.26	Intergenic	colon	Cancer
379	1.382	SINE	colon	Cancer
380	-1.53	LINE	colon	Cancer
381	0.713	CpG-Island	colon	Cancer
382	1.288	Promoter	colon	Cancer
383	0.898	5UTR	colon	Cancer
384	1.77	Exon	colon	Cancer
385	0.301	Intron	colon	Cancer
386	1.002	TTS	colon	Cancer
387	0.94	3UTR	colon	Cancer
388	-1.145	Intergenic	colon	Cancer
389	1.253	SINE	colon	Cancer
390	-1.171	LINE	colon	Cancer
391	0.976	CpG-Island	colon	Cancer
392	1.413	Promoter	colon	Cancer
393	1.133	5UTR	colon	Cancer
394	1.67	Exon	colon	Cancer
395	0.417	Intron	colon	Cancer
396	1.075	TTS	colon	Cancer
397	0.91	3UTR	colon	Cancer
398	-1.088	Intergenic	colon	Cancer
399	1.308	SINE	colon	Cancer
400	-1.627	LINE	colon	Cancer
401	1.147	CpG-Island	colon	Cancer
402	1.567	Promoter	colon	Cancer
403	1.157	5UTR	colon	Cancer
404	1.743	Exon	colon	Cancer
405	0.279	Intron	colon	Cancer
406	1.157	TTS	colon	Cancer
407	0.862	3UTR	colon	Cancer
408	-1.473	Intergenic	colon	Cancer
409	1.557	SINE	colon	Cancer
410	-1.772	LINE	colon	Cancer
411	0.955	CpG-Island	colon	Cancer
412	1.444	Promoter	colon	Cancer
413	0.992	5UTR	colon	Cancer
414	1.674	Exon	colon	Cancer
415	0.357	Intron	colon	Cancer
416	1.068	TTS	colon	Cancer
417	0.881	3UTR	colon	Cancer
418	-1.097	Intergenic	colon	Cancer
419	1.315	SINE	colon	Cancer
420	-1.516	LINE	colon	Cancer
421	0.904	CpG-Island	colon	Cancer
422	1.266	Promoter	colon	Cancer
423	0.921	5UTR	colon	Cancer
424	1.479	Exon	colon	Cancer
425	0.402	Intron	colon	Cancer
426	0.99	TTS	colon	Cancer
427	0.698	3UTR	colon	Cancer
428	-1.188	Intergenic	colon	Cancer
429	1.326	SINE	colon	Cancer
430	-1.432	LINE	colon	Cancer
431	1.115	CpG-Island	colon	Cancer
432	1.542	Promoter	colon	Cancer
433	1.122	5UTR	colon	Cancer
434	1.632	Exon	colon	Cancer
435	0.269	Intron	colon	Cancer
436	1.117	TTS	colon	Cancer
437	0.818	3UTR	colon	Cancer
438	-1.529	Intergenic	colon	Cancer
439	1.587	SINE	colon	Cancer
440	-1.694	LINE	colon	Cancer
441	-0.736	CpG-Island	colon	Cancer
442	0.253	Promoter	colon	Cancer
443	0.69	5UTR	colon	Cancer
444	1.22	Exon	colon	Cancer
445	0.555	Intron	colon	Cancer
446	0.468	TTS	colon	Cancer
447	0.76	3UTR	colon	Cancer
448	-1.524	Intergenic	colon	Cancer
449	1.352	SINE	colon	Cancer
450	-1.231	LINE	colon	Cancer
451	1.243	CpG-Island	colon	Cancer
452	1.53	Promoter	colon	Cancer
453	1.227	5UTR	colon	Cancer
454	1.734	Exon	colon	Cancer
455	0.411	Intron	colon	Cancer
456	1.148	TTS	colon	Cancer
457	0.868	3UTR	colon	Cancer
458	-1.245	Intergenic	colon	Cancer
459	1.354	SINE	colon	Cancer
460	-1.679	LINE	colon	Cancer
461	1.476	CpG-Island	colon	Cancer
462	1.529	Promoter	colon	Cancer
463	1.225	5UTR	colon	Cancer
464	1.781	Exon	colon	Cancer
465	0.363	Intron	colon	Cancer
466	1.196	TTS	colon	Cancer
467	0.898	3UTR	colon	Cancer
468	-1.056	Intergenic	colon	Cancer
469	1.291	SINE	colon	Cancer
470	-1.651	LINE	colon	Cancer
471	1.591	CpG-Island	colon	Cancer
472	1.596	Promoter	colon	Cancer
473	1.15	5UTR	colon	Cancer
474	1.867	Exon	colon	Cancer
475	0.476	Intron	colon	Cancer
476	1.228	TTS	colon	Cancer
477	0.99	3UTR	colon	Cancer
478	-1.151	Intergenic	colon	Cancer
479	1.266	SINE	colon	Cancer
480	-1.847	LINE	colon	Cancer
481	1.307	CpG-Island	colon	Cancer
482	1.433	Promoter	colon	Cancer
483	1.042	5UTR	colon	Cancer
484	1.842	Exon	colon	Cancer
485	0.392	Intron	colon	Cancer
486	1.183	TTS	colon	Cancer
487	0.945	3UTR	colon	Cancer
488	-1.35	Intergenic	colon	Cancer
489	1.429	SINE	colon	Cancer
490	-1.725	LINE	colon	Cancer
491	1.086	CpG-Island	colon	Cancer
492	1.524	Promoter	colon	Cancer
493	1.038	5UTR	colon	Cancer
494	1.691	Exon	colon	Cancer
495	0.323	Intron	colon	Cancer
496	1.142	TTS	colon	Cancer
497	0.869	3UTR	colon	Cancer
498	-1.367	Intergenic	colon	Cancer
499	1.525	SINE	colon	Cancer
500	-1.803	LINE	colon	Cancer
501	1.093	CpG-Island	colon	Cancer
502	1.407	Promoter	colon	Cancer
503	1.153	5UTR	colon	Cancer
504	1.722	Exon	colon	Cancer
505	0.379	Intron	colon	Cancer
506	1.139	TTS	colon	Cancer
507	0.924	3UTR	colon	Cancer
508	-1.451	Intergenic	colon	Cancer
509	1.487	SINE	colon	Cancer
510	-1.715	LINE	colon	Cancer
511	1.083	CpG-Island	colon	Cancer
512	1.419	Promoter	colon	Cancer
513	1.042	5UTR	colon	Cancer
514	1.623	Exon	colon	Cancer
515	0.291	Intron	colon	Cancer
516	1.074	TTS	colon	Cancer
517	0.825	3UTR	colon	Cancer
518	-1.434	Intergenic	colon	Cancer
519	1.539	SINE	colon	Cancer
520	-1.645	LINE	colon	Cancer
521	0.96	CpG-Island	colon	Cancer
522	1.34	Promoter	colon	Cancer
523	0.807	5UTR	colon	Cancer
524	1.45	Exon	colon	Cancer
525	0.278	Intron	colon	Cancer
526	1.026	TTS	colon	Cancer
527	0.694	3UTR	colon	Cancer
528	-1.363	Intergenic	colon	Cancer
529	1.514	SINE	colon	Cancer
530	-1.513	LINE	colon	Cancer
531	0.867	CpG-Island	colon	Cancer
532	1.319	Promoter	colon	Cancer
533	1.056	5UTR	colon	Cancer
534	1.461	Exon	colon	Cancer
535	0.339	Intron	colon	Cancer
536	1.031	TTS	colon	Cancer
537	0.802	3UTR	colon	Cancer
538	-1.337	Intergenic	colon	Cancer
539	1.45	SINE	colon	Cancer
540	-1.504	LINE	colon	Cancer
541	1.172	CpG-Island	colon	Cancer
542	1.429	Promoter	colon	Cancer
543	1.22	5UTR	colon	Cancer
544	1.738	Exon	colon	Cancer
545	0.301	Intron	colon	Cancer
546	1.146	TTS	colon	Cancer
547	0.891	3UTR	colon	Cancer
548	-1.317	Intergenic	colon	Cancer
549	1.478	SINE	colon	Cancer
550	-1.692	LINE	colon	Cancer
551	1.205	CpG-Island	colon	Cancer
552	1.519	Promoter	colon	Cancer
553	1.161	5UTR	colon	Cancer
554	1.737	Exon	colon	Cancer
555	0.293	Intron	colon	Cancer
556	1.119	TTS	colon	Cancer
557	0.873	3UTR	colon	Cancer
558	-1.304	Intergenic	colon	Cancer
559	1.521	SINE	colon	Cancer
560	-1.815	LINE	colon	Cancer
561	1.241	CpG-Island	colon	Cancer
562	1.633	Promoter	colon	Cancer
563	1.265	5UTR	colon	Cancer
564	1.824	Exon	colon	Cancer
565	0.357	Intron	colon	Cancer
566	1.194	TTS	colon	Cancer
567	0.959	3UTR	colon	Cancer
568	-1.505	Intergenic	colon	Cancer
569	1.473	SINE	colon	Cancer
570	-1.735	LINE	colon	Cancer
571	1.428	CpG-Island	colon	Cancer
572	1.599	Promoter	colon	Cancer
573	1.256	5UTR	colon	Cancer
574	1.763	Exon	colon	Cancer
575	0.334	Intron	colon	Cancer
576	1.117	TTS	colon	Cancer
577	0.911	3UTR	colon	Cancer
578	-1.178	Intergenic	colon	Cancer
579	1.353	SINE	colon	Cancer
580	-1.598	LINE	colon	Cancer
581	1.457	CpG-Island	colon	Cancer
582	1.664	Promoter	colon	Cancer
583	1.173	5UTR	colon	Cancer
584	2.112	Exon	colon	Cancer
585	0.471	Intron	colon	Cancer
586	1.381	TTS	colon	Cancer
587	1.236	3UTR	colon	Cancer
588	-1.302	Intergenic	colon	Cancer
589	1.309	SINE	colon	Cancer
590	-1.952	LINE	colon	Cancer
591	1.366	CpG-Island	colon	Cancer
592	1.443	Promoter	colon	Cancer
593	1.06	5UTR	colon	Cancer
594	1.793	Exon	colon	Cancer
595	0.512	Intron	colon	Cancer
596	1.109	TTS	colon	Cancer
597	0.904	3UTR	colon	Cancer
598	-0.822	Intergenic	colon	Cancer
599	1.128	SINE	colon	Cancer
600	-1.807	LINE	colon	Cancer
601	1.314	CpG-Island	colon	Cancer
602	1.452	Promoter	colon	Cancer
603	1.125	5UTR	colon	Cancer
604	1.594	Exon	colon	Cancer
605	0.379	Intron	colon	Cancer
606	1.095	TTS	colon	Cancer
607	0.839	3UTR	colon	Cancer
608	-1.123	Intergenic	colon	Cancer
609	1.343	SINE	colon	Cancer
610	-1.613	LINE	colon	Cancer
611	1.442	CpG-Island	colon	Cancer
612	1.643	Promoter	colon	Cancer
613	1.184	5UTR	colon	Cancer
614	1.88	Exon	colon	Cancer
615	0.388	Intron	colon	Cancer
616	1.232	TTS	colon	Cancer
617	1.023	3UTR	colon	Cancer
618	-1.367	Intergenic	colon	Cancer
619	1.436	SINE	colon	Cancer
620	-1.864	LINE	colon	Cancer
621	1.627	CpG-Island	colon	Cancer
622	1.811	Promoter	colon	Cancer
623	1.295	5UTR	colon	Cancer
624	2.044	Exon	colon	Cancer
625	0.542	Intron	colon	Cancer
626	1.308	TTS	colon	Cancer
627	1.119	3UTR	colon	Cancer
628	-1.118	Intergenic	colon	Cancer
629	1.18	SINE	colon	Cancer
630	-2.006	LINE	colon	Cancer
631	1.175	CpG-Island	colon	Cancer
632	1.531	Promoter	colon	Cancer
633	1.063	5UTR	colon	Cancer
634	1.634	Exon	colon	Cancer
635	0.216	Intron	colon	Cancer
636	1.147	TTS	colon	Cancer
637	0.777	3UTR	colon	Cancer
638	-1.462	Intergenic	colon	Cancer
639	1.647	SINE	colon	Cancer
640	-1.882	LINE	colon	Cancer
641	1.218	CpG-Island	colon	Cancer
642	1.572	Promoter	colon	Cancer
643	1.264	5UTR	colon	Cancer
644	1.781	Exon	colon	Cancer
645	0.377	Intron	colon	Cancer
646	1.145	TTS	colon	Cancer
647	0.97	3UTR	colon	Cancer
648	-1.12	Intergenic	colon	Cancer
649	1.306	SINE	colon	Cancer
650	-1.614	LINE	colon	Cancer
651	1.066	CpG-Island	colon	Cancer
652	1.166	Promoter	colon	Cancer
653	0.961	5UTR	colon	Cancer
654	1.572	Exon	colon	Cancer
655	0.316	Intron	colon	Cancer
656	1.072	TTS	colon	Cancer
657	0.777	3UTR	colon	Cancer
658	-1.383	Intergenic	colon	Cancer
659	1.509	SINE	colon	Cancer
660	-1.604	LINE	colon	Cancer
661	1.805	CpG-Island	colon	Cancer
662	1.519	Promoter	colon	Cancer
663	1.201	5UTR	colon	Cancer
664	2.188	Exon	colon	Cancer
665	0.676	Intron	colon	Cancer
666	1.587	TTS	colon	Cancer
667	1.303	3UTR	colon	Cancer
668	-1.189	Intergenic	colon	Cancer
669	1.024	SINE	colon	Cancer
670	-1.975	LINE	colon	Cancer
671	1.449	CpG-Island	lung	Cancer
672	1.697	Promoter	lung	Cancer
673	1.106	5UTR	lung	Cancer
674	1.97	Exon	lung	Cancer
675	0.489	Intron	lung	Cancer
676	1.279	TTS	lung	Cancer
677	1.115	3UTR	lung	Cancer
678	-1.333	Intergenic	lung	Cancer
679	1.336	SINE	lung	Cancer
680	-1.927	LINE	lung	Cancer
681	1.129	CpG-Island	lung	Cancer
682	1.418	Promoter	lung	Cancer
683	1.074	5UTR	lung	Cancer
684	1.48	Exon	lung	Cancer
685	0.348	Intron	lung	Cancer
686	0.926	TTS	lung	Cancer
687	0.7	3UTR	lung	Cancer
688	-0.947	Intergenic	lung	Cancer
689	1.26	SINE	lung	Cancer
690	-1.28	LINE	lung	Cancer
691	1.13	CpG-Island	lung	Cancer
692	1.565	Promoter	lung	Cancer
693	1.2	5UTR	lung	Cancer
694	1.648	Exon	lung	Cancer
695	0.519	Intron	lung	Cancer
696	1.129	TTS	lung	Cancer
697	0.974	3UTR	lung	Cancer
698	-0.79	Intergenic	lung	Cancer
699	1.002	SINE	lung	Cancer
700	-1.486	LINE	lung	Cancer
701	1.226	CpG-Island	lung	Cancer
702	1.562	Promoter	lung	Cancer
703	1.178	5UTR	lung	Cancer
704	1.85	Exon	lung	Cancer
705	0.407	Intron	lung	Cancer
706	1.189	TTS	lung	Cancer
707	1.024	3UTR	lung	Cancer
708	-1.295	Intergenic	lung	Cancer
709	1.426	SINE	lung	Cancer
710	-1.85	LINE	lung	Cancer
711	0.374	CpG-Island	lung	Cancer
712	1.167	Promoter	lung	Cancer
713	0.815	5UTR	lung	Cancer
714	1.562	Exon	lung	Cancer
715	0.269	Intron	lung	Cancer
716	0.865	TTS	lung	Cancer
717	0.793	3UTR	lung	Cancer
718	-1.22	Intergenic	lung	Cancer
719	1.398	SINE	lung	Cancer
720	-1.233	LINE	lung	Cancer
721	1.41	CpG-Island	lung	Cancer
722	1.701	Promoter	lung	Cancer
723	1.305	5UTR	lung	Cancer
724	1.788	Exon	lung	Cancer
725	0.438	Intron	lung	Cancer
726	1.227	TTS	lung	Cancer
727	1.047	3UTR	lung	Cancer
728	-1.328	Intergenic	lung	Cancer
729	1.375	SINE	lung	Cancer
730	-1.749	LINE	lung	Cancer
731	1.361	CpG-Island	pancreas	Cancer
732	1.662	Promoter	pancreas	Cancer
733	1.127	5UTR	pancreas	Cancer
734	1.753	Exon	pancreas	Cancer
735	0.463	Intron	pancreas	Cancer
736	1.152	TTS	pancreas	Cancer
737	0.923	3UTR	pancreas	Cancer
738	-1.236	Intergenic	pancreas	Cancer
739	1.345	SINE	pancreas	Cancer
740	-1.831	LINE	pancreas	Cancer
741	1.438	CpG-Island	pancreas	Cancer
742	1.675	Promoter	pancreas	Cancer
743	1.232	5UTR	pancreas	Cancer
744	1.928	Exon	pancreas	Cancer
745	0.569	Intron	pancreas	Cancer
746	1.297	TTS	pancreas	Cancer
747	1.11	3UTR	pancreas	Cancer
748	-1.396	Intergenic	pancreas	Cancer
749	1.236	SINE	pancreas	Cancer
750	-1.78	LINE	pancreas	Cancer
751	1.198	CpG-Island	pancreas	Cancer
752	1.31	Promoter	pancreas	Cancer
753	1.074	5UTR	pancreas	Cancer
754	1.56	Exon	pancreas	Cancer
755	0.67	Intron	pancreas	Cancer
756	0.854	TTS	pancreas	Cancer
757	0.794	3UTR	pancreas	Cancer
758	-0.984	Intergenic	pancreas	Cancer
759	0.954	SINE	pancreas	Cancer
760	-1.302	LINE	pancreas	Cancer
761	1.127	CpG-Island	pancreas	Cancer
762	1.458	Promoter	pancreas	Cancer
763	1.062	5UTR	pancreas	Cancer
764	1.796	Exon	pancreas	Cancer
765	0.432	Intron	pancreas	Cancer
766	1.084	TTS	pancreas	Cancer
767	0.971	3UTR	pancreas	Cancer
768	-1.026	Intergenic	pancreas	Cancer
769	1.242	SINE	pancreas	Cancer
770	-1.654	LINE	pancreas	Cancer
771	-0.146	CpG-Island	pancreas	Cancer
772	1.165	Promoter	pancreas	Cancer
773	1.028	5UTR	pancreas	Cancer
774	1.471	Exon	pancreas	Cancer
775	0.378	Intron	pancreas	Cancer
776	0.842	TTS	pancreas	Cancer
777	0.885	3UTR	pancreas	Cancer
778	-1.573	Intergenic	pancreas	Cancer
779	1.493	SINE	pancreas	Cancer
780	-1.378	LINE	pancreas	Cancer
781	1.531	CpG-Island	lung	Control
782	1.698	Promoter	lung	Control
783	1.228	5UTR	lung	Control
784	1.938	Exon	lung	Control
785	0.369	Intron	lung	Control
786	1.296	TTS	lung	Control
787	1.042	3UTR	lung	Control
788	-1.512	Intergenic	lung	Control
789	1.524	SINE	lung	Control
790	-2.011	LINE	lung	Control
791	1.205	CpG-Island	lung	Control
792	1.485	Promoter	lung	Control
793	1.163	5UTR	lung	Control
794	1.888	Exon	lung	Control
795	0.431	Intron	lung	Control
796	1.174	TTS	lung	Control
797	1.034	3UTR	lung	Control
798	-1.401	Intergenic	lung	Control
799	1.411	SINE	lung	Control
800	-1.757	LINE	lung	Control
801	1.139	CpG-Island	colon	Control
802	1.502	Promoter	colon	Control
803	1.028	5UTR	colon	Control
804	1.7	Exon	colon	Control
805	0.278	Intron	colon	Control
806	1.179	TTS	colon	Control
807	0.86	3UTR	colon	Control
808	-1.455	Intergenic	colon	Control
809	1.576	SINE	colon	Control
810	-1.77	LINE	colon	Control
811	0.898	CpG-Island	colon	Control
812	1.298	Promoter	colon	Control
813	0.86	5UTR	colon	Control
814	1.39	Exon	colon	Control
815	0.253	Intron	colon	Control
816	1.031	TTS	colon	Control
817	0.702	3UTR	colon	Control
818	-1.39	Intergenic	colon	Control
819	1.545	SINE	colon	Control
820	-1.529	LINE	colon	Control
821	1.493	CpG-Island	pancreas	Control
822	1.58	Promoter	pancreas	Control
823	1.163	5UTR	pancreas	Control
824	1.868	Exon	pancreas	Control
825	0.541	Intron	pancreas	Control
826	1.233	TTS	pancreas	Control
827	1.081	3UTR	pancreas	Control
828	-1.255	Intergenic	pancreas	Control
829	1.214	SINE	pancreas	Control
830	-1.712	LINE	pancreas	Control
831	1.352	CpG-Island	lung	Control
832	1.651	Promoter	lung	Control
833	1.239	5UTR	lung	Control
834	1.958	Exon	lung	Control
835	0.463	Intron	lung	Control
836	1.313	TTS	lung	Control
837	1.131	3UTR	lung	Control
838	-1.399	Intergenic	lung	Control
839	1.402	SINE	lung	Control
840	-1.976	LINE	lung	Control
841	1.465	CpG-Island	colon	Control
842	1.662	Promoter	colon	Control
843	1.152	5UTR	colon	Control
844	2.006	Exon	colon	Control
845	0.443	Intron	colon	Control
846	1.364	TTS	colon	Control
847	1.131	3UTR	colon	Control
848	-1.382	Intergenic	colon	Control
849	1.397	SINE	colon	Control
850	-1.968	LINE	colon	Control
851	1.437	CpG-Island	lung	Control
852	1.656	Promoter	lung	Control
853	1.129	5UTR	lung	Control
854	2.011	Exon	lung	Control
855	0.428	Intron	lung	Control
856	1.327	TTS	lung	Control
857	1.128	3UTR	lung	Control
858	-1.518	Intergenic	lung	Control
859	1.433	SINE	lung	Control
860	-1.909	LINE	lung	Control
861	1.368	CpG-Island	colon	Control
862	1.642	Promoter	colon	Control
863	1.055	5UTR	colon	Control
864	1.79	Exon	colon	Control
865	0.355	Intron	colon	Control
866	1.186	TTS	colon	Control
867	0.968	3UTR	colon	Control
868	-1.348	Intergenic	colon	Control
869	1.5	SINE	colon	Control
870	-1.965	LINE	colon	Control
871	1.034	CpG-Island	colon	Control
872	1.373	Promoter	colon	Control
873	0.996	5UTR	colon	Control
874	1.67	Exon	colon	Control
875	0.315	Intron	colon	Control
876	1.142	TTS	colon	Control
877	0.899	3UTR	colon	Control
878	-1.353	Intergenic	colon	Control
879	1.516	SINE	colon	Control
880	-1.703	LINE	colon	Control
881	1.023	CpG-Island	pancreas	Control
882	1.3	Promoter	pancreas	Control
883	0.952	5UTR	pancreas	Control
884	1.783	Exon	pancreas	Control
885	0.53	Intron	pancreas	Control
886	1.081	TTS	pancreas	Control
887	1.02	3UTR	pancreas	Control
888	-1.233	Intergenic	pancreas	Control
889	1.187	SINE	pancreas	Control
890	-1.463	LINE	pancreas	Control
891	1.595	CpG-Island	pancreas	Control
892	1.576	Promoter	pancreas	Control
893	1.154	5UTR	pancreas	Control
894	2.028	Exon	pancreas	Control
895	0.571	Intron	pancreas	Control
896	1.321	TTS	pancreas	Control
897	1.169	3UTR	pancreas	Control
898	-1.521	Intergenic	pancreas	Control
899	1.288	SINE	pancreas	Control
900	-1.889	LINE	pancreas	Control
901	-0.062	CpG-Island	lung	Control
902	1.116	Promoter	lung	Control
903	0.903	5UTR	lung	Control
904	1.289	Exon	lung	Control
905	0.436	Intron	lung	Control
906	0.837	TTS	lung	Control
907	0.844	3UTR	lung	Control
908	-1.513	Intergenic	lung	Control
909	1.509	SINE	lung	Control
910	-1.515	LINE	lung	Control
911	0.699	CpG-Island	pancreas	Control
912	1.193	Promoter	pancreas	Control
913	1.033	5UTR	pancreas	Control
914	1.644	Exon	pancreas	Control
915	0.58	Intron	pancreas	Control
916	1.034	TTS	pancreas	Control
917	0.986	3UTR	pancreas	Control
918	-1.384	Intergenic	pancreas	Control
919	1.216	SINE	pancreas	Control
920	-1.41	LINE	pancreas	Control
921	1.686	CpG-Island	breast	Control
922	1.531	Promoter	breast	Control
923	1.323	5UTR	breast	Control
924	2.281	Exon	breast	Control
925	0.549	Intron	breast	Control
926	1.518	TTS	breast	Control
927	1.359	3UTR	breast	Control
928	-1.336	Intergenic	breast	Control
929	1.228	SINE	breast	Control
930	-2.04	LINE	breast	Control
931	1.522	CpG-Island	breast	Control
932	1.608	Promoter	breast	Control
933	1.159	5UTR	breast	Control
934	2.095	Exon	breast	Control
935	0.665	Intron	breast	Control
936	1.397	TTS	breast	Control
937	1.207	3UTR	breast	Control
938	-0.952	Intergenic	breast	Control
939	0.973	SINE	breast	Control
940	-2.038	LINE	breast	Control
941	2.228	CpG-Island	breast	Control
942	1.84	Promoter	breast	Control
943	1.35	5UTR	breast	Control
944	2.488	Exon	breast	Control
945	0.514	Intron	breast	Control
946	1.626	TTS	breast	Control
947	1.426	3UTR	breast	Control
948	-1.385	Intergenic	breast	Control
949	1.237	SINE	breast	Control
950	-2.401	LINE	breast	Control
951	1.604	CpG-Island	breast	Control
952	1.364	Promoter	breast	Control
953	1.078	5UTR	breast	Control
954	2.176	Exon	breast	Control
955	0.437	Intron	breast	Control
956	1.265	TTS	breast	Control
957	1.142	3UTR	breast	Control
958	-1.08	Intergenic	breast	Control
959	1.368	SINE	breast	Control
960	-2.281	LINE	breast	Control
961	1.958	CpG-Island	breast	Control
962	1.645	Promoter	breast	Control
963	1.237	5UTR	breast	Control
964	2.427	Exon	breast	Control
965	0.583	Intron	breast	Control
966	1.545	TTS	breast	Control
967	1.405	3UTR	breast	Control
968	-1.138	Intergenic	breast	Control
969	1.11	SINE	breast	Control
970	-2.302	LINE	breast	Control
971	1.417	CpG-Island	pancreas	Control
972	1.571	Promoter	pancreas	Control
973	1.133	5UTR	pancreas	Control
974	1.907	Exon	pancreas	Control
975	0.571	Intron	pancreas	Control
976	1.239	TTS	pancreas	Control
977	1.137	3UTR	pancreas	Control
978	-1.231	Intergenic	pancreas	Control
979	1.166	SINE	pancreas	Control
980	-1.737	LINE	pancreas	Control
981	1.338	CpG-Island	pancreas	Cancer
982	1.623	Promoter	pancreas	Cancer
983	1.272	5UTR	pancreas	Cancer
984	1.811	Exon	pancreas	Cancer
985	0.453	Intron	pancreas	Cancer
986	1.159	TTS	pancreas	Cancer
987	1.021	3UTR	pancreas	Cancer
988	-1.072	Intergenic	pancreas	Cancer
989	1.269	SINE	pancreas	Cancer
990	-1.755	LINE	pancreas	Cancer
991	1.33	CpG-Island	pancreas	Cancer
992	1.531	Promoter	pancreas	Cancer
993	1.036	5UTR	pancreas	Cancer
994	1.858	Exon	pancreas	Cancer
995	0.546	Intron	pancreas	Cancer
996	1.191	TTS	pancreas	Cancer
997	1.089	3UTR	pancreas	Cancer
998	-1.271	Intergenic	pancreas	Cancer
999	1.222	SINE	pancreas	Cancer
1000	-1.696	LINE	pancreas	Cancer
1001	1.044	CpG-Island	pancreas	Cancer
1002	1.386	Promoter	pancreas	Cancer
1003	0.999	5UTR	pancreas	Cancer
1004	1.764	Exon	pancreas	Cancer
1005	0.566	Intron	pancreas	Cancer
1006	1.117	TTS	pancreas	Cancer
1007	1.055	3UTR	pancreas	Cancer
1008	-1.198	Intergenic	pancreas	Cancer
1009	1.126	SINE	pancreas	Cancer
1010	-1.495	LINE	pancreas	Cancer
1011	-0.252	CpG-Island	pancreas	Cancer
1012	0.854	Promoter	pancreas	Cancer
1013	0.79	5UTR	pancreas	Cancer
1014	1.464	Exon	pancreas	Cancer
1015	0.79	Intron	pancreas	Cancer
1016	0.618	TTS	pancreas	Cancer
1017	0.913	3UTR	pancreas	Cancer
1018	-1.081	Intergenic	pancreas	Cancer
1019	0.72	SINE	pancreas	Cancer
1020	-0.926	LINE	pancreas	Cancer
1021	1.087	CpG-Island	pancreas	Cancer
1022	1.535	Promoter	pancreas	Cancer
1023	1.206	5UTR	pancreas	Cancer
1024	1.735	Exon	pancreas	Cancer
1025	0.412	Intron	pancreas	Cancer
1026	1.143	TTS	pancreas	Cancer
1027	1.021	3UTR	pancreas	Cancer
1028	-1.21	Intergenic	pancreas	Cancer
1029	1.314	SINE	pancreas	Cancer
1030	-1.557	LINE	pancreas	Cancer
1031	-0.243	CpG-Island	pancreas	Cancer
1032	1.118	Promoter	pancreas	Cancer
1033	0.943	5UTR	pancreas	Cancer
1034	1.344	Exon	pancreas	Cancer
1035	0.377	Intron	pancreas	Cancer
1036	0.577	TTS	pancreas	Cancer
1037	0.651	3UTR	pancreas	Cancer
1038	-1.6	Intergenic	pancreas	Cancer
1039	1.518	SINE	pancreas	Cancer
1040	-1.33	LINE	pancreas	Cancer
1041	1.233	CpG-Island	pancreas	Cancer
1042	1.556	Promoter	pancreas	Cancer
1043	1.206	5UTR	pancreas	Cancer
1044	1.748	Exon	pancreas	Cancer
1045	0.5	Intron	pancreas	Cancer
1046	1.102	TTS	pancreas	Cancer
1047	0.937	3UTR	pancreas	Cancer
1048	-1.25	Intergenic	pancreas	Cancer
1049	1.291	SINE	pancreas	Cancer
1050	-1.675	LINE	pancreas	Cancer
1051	1.057	CpG-Island	pancreas	Cancer
1052	1.378	Promoter	pancreas	Cancer
1053	1.152	5UTR	pancreas	Cancer
1054	1.641	Exon	pancreas	Cancer
1055	0.641	Intron	pancreas	Cancer
1056	0.868	TTS	pancreas	Cancer
1057	0.932	3UTR	pancreas	Cancer
1058	-0.973	Intergenic	pancreas	Cancer
1059	0.862	SINE	pancreas	Cancer
1060	-1.074	LINE	pancreas	Cancer
1061	1.302	CpG-Island	pancreas	Cancer
1062	1.604	Promoter	pancreas	Cancer
1063	1.231	5UTR	pancreas	Cancer
1064	1.808	Exon	pancreas	Cancer
1065	0.533	Intron	pancreas	Cancer
1066	1.152	TTS	pancreas	Cancer
1067	0.976	3UTR	pancreas	Cancer
1068	-1.126	Intergenic	pancreas	Cancer
1069	1.2	SINE	pancreas	Cancer
1070	-1.729	LINE	pancreas	Cancer
1071	1.393	CpG-Island	pancreas	Cancer
1072	1.625	Promoter	pancreas	Cancer
1073	1.137	5UTR	pancreas	Cancer
1074	1.859	Exon	pancreas	Cancer
1075	0.552	Intron	pancreas	Cancer
1076	1.243	TTS	pancreas	Cancer
1077	1.036	3UTR	pancreas	Cancer
1078	-1.19	Intergenic	pancreas	Cancer
1079	1.227	SINE	pancreas	Cancer
1080	-1.853	LINE	pancreas	Cancer
1081	1.65	CpG-Island	pancreas	Cancer
1082	1.722	Promoter	pancreas	Cancer
1083	1.194	5UTR	pancreas	Cancer
1084	2.062	Exon	pancreas	Cancer
1085	0.547	Intron	pancreas	Cancer
1086	1.357	TTS	pancreas	Cancer
1087	1.132	3UTR	pancreas	Cancer
1088	-1.088	Intergenic	pancreas	Cancer
1089	1.195	SINE	pancreas	Cancer
1090	-2.052	LINE	pancreas	Cancer
1091	1.127	CpG-Island	pancreas	Cancer
1092	1.444	Promoter	pancreas	Cancer
1093	1.011	5UTR	pancreas	Cancer
1094	1.74	Exon	pancreas	Cancer
1095	0.436	Intron	pancreas	Cancer
1096	1.054	TTS	pancreas	Cancer
1097	0.897	3UTR	pancreas	Cancer
1098	-0.987	Intergenic	pancreas	Cancer
1099	1.307	SINE	pancreas	Cancer
1100	-1.818	LINE	pancreas	Cancer
1101	0.957	CpG-Island	pancreas	Cancer
1102	1.306	Promoter	pancreas	Cancer
1103	0.989	5UTR	pancreas	Cancer
1104	1.74	Exon	pancreas	Cancer
1105	0.553	Intron	pancreas	Cancer
1106	1.061	TTS	pancreas	Cancer
1107	1.012	3UTR	pancreas	Cancer
1108	-1.225	Intergenic	pancreas	Cancer
1109	1.145	SINE	pancreas	Cancer
1110	-1.412	LINE	pancreas	Cancer
1111	1.007	CpG-Island	pancreas	Cancer
1112	1.34	Promoter	pancreas	Cancer
1113	1.14	5UTR	pancreas	Cancer
1114	1.756	Exon	pancreas	Cancer
1115	0.456	Intron	pancreas	Cancer
1116	1.058	TTS	pancreas	Cancer
1117	0.935	3UTR	pancreas	Cancer
1118	-1.106	Intergenic	pancreas	Cancer
1119	1.291	SINE	pancreas	Cancer
1120	-1.621	LINE	pancreas	Cancer
1121	1.862	CpG-Island	pancreas	Cancer
1122	1.765	Promoter	pancreas	Cancer
1123	1.424	5UTR	pancreas	Cancer
1124	2.263	Exon	pancreas	Cancer
1125	0.648	Intron	pancreas	Cancer
1126	1.555	TTS	pancreas	Cancer
1127	1.327	3UTR	pancreas	Cancer
1128	-1.168	Intergenic	pancreas	Cancer
1129	1.027	SINE	pancreas	Cancer
1130	-2.045	LINE	pancreas	Cancer
1131	0.834	CpG-Island	pancreas	Cancer
1132	1.263	Promoter	pancreas	Cancer
1133	0.941	5UTR	pancreas	Cancer
1134	1.327	Exon	pancreas	Cancer
1135	0.752	Intron	pancreas	Cancer
1136	0.64	TTS	pancreas	Cancer
1137	0.622	3UTR	pancreas	Cancer
1138	-0.69	Intergenic	pancreas	Cancer
1139	0.547	SINE	pancreas	Cancer
1140	-1.02	LINE	pancreas	Cancer
1141	1.486	CpG-Island	pancreas	Cancer
1142	1.733	Promoter	pancreas	Cancer
1143	1.307	5UTR	pancreas	Cancer
1144	1.948	Exon	pancreas	Cancer
1145	0.618	Intron	pancreas	Cancer
1146	1.341	TTS	pancreas	Cancer
1147	1.155	3UTR	pancreas	Cancer
1148	-1.255	Intergenic	pancreas	Cancer
1149	1.14	SINE	pancreas	Cancer
1150	-1.841	LINE	pancreas	Cancer
1151	0.845	CpG-Island	pancreas	Cancer
1152	1.317	Promoter	pancreas	Cancer
1153	0.985	5UTR	pancreas	Cancer
1154	1.491	Exon	pancreas	Cancer
1155	0.462	Intron	pancreas	Cancer
1156	0.803	TTS	pancreas	Cancer
1157	0.65	3UTR	pancreas	Cancer
1158	-0.997	Intergenic	pancreas	Cancer
1159	1.279	SINE	pancreas	Cancer
1160	-1.599	LINE	pancreas	Cancer
1161	1.376	CpG-Island	pancreas	Cancer
1162	1.627	Promoter	pancreas	Cancer
1163	1.208	5UTR	pancreas	Cancer
1164	1.921	Exon	pancreas	Cancer
1165	0.545	Intron	pancreas	Cancer
1166	1.208	TTS	pancreas	Cancer
1167	1.05	3UTR	pancreas	Cancer
1168	-1.097	Intergenic	pancreas	Cancer
1169	1.191	SINE	pancreas	Cancer
1170	-1.858	LINE	pancreas	Cancer
1171	1.279	CpG-Island	pancreas	Cancer
1172	1.412	Promoter	pancreas	Cancer
1173	1.063	5UTR	pancreas	Cancer
1174	1.841	Exon	pancreas	Cancer
1175	0.438	Intron	pancreas	Cancer
1176	1.137	TTS	pancreas	Cancer
1177	0.964	3UTR	pancreas	Cancer
1178	-1.131	Intergenic	pancreas	Cancer
1179	1.336	SINE	pancreas	Cancer
1180	-1.762	LINE	pancreas	Cancer
1181	1.023	CpG-Island	pancreas	Cancer
1182	1.452	Promoter	pancreas	Cancer
1183	0.966	5UTR	pancreas	Cancer
1184	1.699	Exon	pancreas	Cancer
1185	0.51	Intron	pancreas	Cancer
1186	0.95	TTS	pancreas	Cancer
1187	0.852	3UTR	pancreas	Cancer
1188	-1.191	Intergenic	pancreas	Cancer
1189	1.296	SINE	pancreas	Cancer
1190	-1.692	LINE	pancreas	Cancer
1191	1.084	CpG-Island	pancreas	Cancer
1192	1.408	Promoter	pancreas	Cancer
1193	0.997	5UTR	pancreas	Cancer
1194	1.553	Exon	pancreas	Cancer
1195	0.445	Intron	pancreas	Cancer
1196	1.012	TTS	pancreas	Cancer
1197	0.834	3UTR	pancreas	Cancer
1198	-0.836	Intergenic	pancreas	Cancer
1199	1.199	SINE	pancreas	Cancer
1200	-1.69	LINE	pancreas	Cancer
1201	1.268	CpG-Island	pancreas	Cancer
1202	1.478	Promoter	pancreas	Cancer
1203	1.169	5UTR	pancreas	Cancer
1204	1.838	Exon	pancreas	Cancer
1205	0.454	Intron	pancreas	Cancer
1206	1.168	TTS	pancreas	Cancer
1207	0.958	3UTR	pancreas	Cancer
1208	-1.142	Intergenic	pancreas	Cancer
1209	1.333	SINE	pancreas	Cancer
1210	-1.835	LINE	pancreas	Cancer
1211	1.176	CpG-Island	pancreas	Cancer
1212	1.269	Promoter	pancreas	Cancer
1213	1.1	5UTR	pancreas	Cancer
1214	1.726	Exon	pancreas	Cancer
1215	0.431	Intron	pancreas	Cancer
1216	1.043	TTS	pancreas	Cancer
1217	0.883	3UTR	pancreas	Cancer
1218	-0.975	Intergenic	pancreas	Cancer
1219	1.291	SINE	pancreas	Cancer
1220	-1.684	LINE	pancreas	Cancer
1221	1.548	CpG-Island	pancreas	Cancer
1222	1.543	Promoter	pancreas	Cancer
1223	1.184	5UTR	pancreas	Cancer
1224	1.869	Exon	pancreas	Cancer
1225	0.502	Intron	pancreas	Cancer
1226	1.306	TTS	pancreas	Cancer
1227	0.972	3UTR	pancreas	Cancer
1228	-1.268	Intergenic	pancreas	Cancer
1229	1.33	SINE	pancreas	Cancer
1230	-1.907	LINE	pancreas	Cancer
1231	1.426	CpG-Island	pancreas	Cancer
1232	1.795	Promoter	pancreas	Cancer
1233	1.407	5UTR	pancreas	Cancer
1234	1.856	Exon	pancreas	Cancer
1235	0.416	Intron	pancreas	Cancer
1236	1.29	TTS	pancreas	Cancer
1237	1.074	3UTR	pancreas	Cancer
1238	-1.335	Intergenic	pancreas	Cancer
1239	1.372	SINE	pancreas	Cancer
1240	-1.781	LINE	pancreas	Cancer
1241	0.784	CpG-Island	pancreas	Cancer
1242	1.387	Promoter	pancreas	Cancer
1243	1.073	5UTR	pancreas	Cancer
1244	1.604	Exon	pancreas	Cancer
1245	0.424	Intron	pancreas	Cancer
1246	0.949	TTS	pancreas	Cancer
1247	0.851	3UTR	pancreas	Cancer
1248	-0.985	Intergenic	pancreas	Cancer
1249	1.191	SINE	pancreas	Cancer
1250	-1.426	LINE	pancreas	Cancer
1251	1.359	CpG-Island	pancreas	Cancer
1252	1.161	Promoter	pancreas	Cancer
1253	1.115	5UTR	pancreas	Cancer
1254	1.576	Exon	pancreas	Cancer
1255	0.667	Intron	pancreas	Cancer
1256	0.677	TTS	pancreas	Cancer
1257	0.59	3UTR	pancreas	Cancer
1258	-0.746	Intergenic	pancreas	Cancer
1259	0.804	SINE	pancreas	Cancer
1260	-1.312	LINE	pancreas	Cancer
1261	1.168	CpG-Island	pancreas	Cancer
1262	1.322	Promoter	pancreas	Cancer
1263	0.94	5UTR	pancreas	Cancer
1264	1.695	Exon	pancreas	Cancer
1265	0.42	Intron	pancreas	Cancer
1266	0.992	TTS	pancreas	Cancer
1267	0.832	3UTR	pancreas	Cancer
1268	-0.93	Intergenic	pancreas	Cancer
1269	1.261	SINE	pancreas	Cancer
1270	-1.703	LINE	pancreas	Cancer
1271	1.084	CpG-Island	pancreas	Cancer
1272	1.411	Promoter	pancreas	Cancer
1273	1.184	5UTR	pancreas	Cancer
1274	1.839	Exon	pancreas	Cancer
1275	0.744	Intron	pancreas	Cancer
1276	0.955	TTS	pancreas	Cancer
1277	1.069	3UTR	pancreas	Cancer
1278	-0.984	Intergenic	pancreas	Cancer
1279	0.645	SINE	pancreas	Cancer
1280	-1.146	LINE	pancreas	Cancer
1281	-0.399	CpG-Island	pancreas	Cancer
1282	0.938	Promoter	pancreas	Cancer
1283	0.72	5UTR	pancreas	Cancer
1284	1.399	Exon	pancreas	Cancer
1285	0.491	Intron	pancreas	Cancer
1286	0.637	TTS	pancreas	Cancer
1287	0.74	3UTR	pancreas	Cancer
1288	-1.807	Intergenic	pancreas	Cancer
1289	1.537	SINE	pancreas	Cancer
1290	-1.441	LINE	pancreas	Cancer
1291	-0.313	CpG-Island	pancreas	Cancer
1292	0.809	Promoter	pancreas	Cancer
1293	0.588	5UTR	pancreas	Cancer
1294	1.349	Exon	pancreas	Cancer
1295	0.506	Intron	pancreas	Cancer
1296	0.518	TTS	pancreas	Cancer
1297	0.603	3UTR	pancreas	Cancer
1298	-1.747	Intergenic	pancreas	Cancer
1299	1.476	SINE	pancreas	Cancer
1300	-1.316	LINE	pancreas	Cancer
1301	1.37	CpG-Island	pancreas	Cancer
1302	1.421	Promoter	pancreas	Cancer
1303	1.225	5UTR	pancreas	Cancer
1304	2.057	Exon	pancreas	Cancer
1305	0.561	Intron	pancreas	Cancer
1306	1.506	TTS	pancreas	Cancer
1307	1.382	3UTR	pancreas	Cancer
1308	-1.367	Intergenic	pancreas	Cancer
1309	1.224	SINE	pancreas	Cancer
1310	-1.777	LINE	pancreas	Cancer
1311	1.955	CpG-Island	breast	Control
1312	1.814	Promoter	breast	Control
1313	1.28	5UTR	breast	Control
1314	2.205	Exon	breast	Control
1315	0.703	Intron	breast	Control
1316	1.544	TTS	breast	Control
1317	1.377	3UTR	breast	Control
1318	-0.928	Intergenic	breast	Control
1319	0.858	SINE	breast	Control
1320	-2.133	LINE	breast	Control
1321	1.891	CpG-Island	breast	Control
1322	1.872	Promoter	breast	Control
1323	1.306	5UTR	breast	Control
1324	2.298	Exon	breast	Control
1325	0.688	Intron	breast	Control
1326	1.592	TTS	breast	Control
1327	1.372	3UTR	breast	Control
1328	-0.918	Intergenic	breast	Control
1329	0.826	SINE	breast	Control
1330	-2.132	LINE	breast	Control
1331	2.036	CpG-Island	breast	Control
1332	1.853	Promoter	breast	Control
1333	1.288	5UTR	breast	Control
1334	2.345	Exon	breast	Control
1335	0.688	Intron	breast	Control
1336	1.56	TTS	breast	Control
1337	1.39	3UTR	breast	Control
1338	-1.011	Intergenic	breast	Control
1339	0.889	SINE	breast	Control
1340	-2.153	LINE	breast	Control
1341	1.94	CpG-Island	breast	Control
1342	1.934	Promoter	breast	Control
1343	1.292	5UTR	breast	Control
1344	2.424	Exon	breast	Control
1345	0.703	Intron	breast	Control
1346	1.565	TTS	breast	Control
1347	1.394	3UTR	breast	Control
1348	-0.629	Intergenic	breast	Control
1349	0.519	SINE	breast	Control
1350	-2.192	LINE	breast	Control
1351	1.432	CpG-Island	breast	Control
1352	1.644	Promoter	breast	Control
1353	1.143	5UTR	breast	Control
1354	2.07	Exon	breast	Control
1355	0.672	Intron	breast	Control
1356	1.491	TTS	breast	Control
1357	1.269	3UTR	breast	Control
1358	-0.996	Intergenic	breast	Control
1359	0.952	SINE	breast	Control
1360	-1.908	LINE	breast	Control
1361	1.611	CpG-Island	colon	Control
1362	1.531	Promoter	colon	Control
1363	1.113	5UTR	colon	Control
1364	2.274	Exon	colon	Control
1365	0.688	Intron	colon	Control
1366	1.578	TTS	colon	Control
1367	1.427	3UTR	colon	Control
1368	-1.261	Intergenic	colon	Control
1369	1.021	SINE	colon	Control
1370	-1.969	LINE	colon	Control
1371	1.325	CpG-Island	colon	Control
1372	1.527	Promoter	colon	Control
1373	1.079	5UTR	colon	Control
1374	2.011	Exon	colon	Control
1375	0.499	Intron	colon	Control
1376	1.307	TTS	colon	Control
1377	1.18	3UTR	colon	Control
1378	-1.231	Intergenic	colon	Control
1379	1.286	SINE	colon	Control
1380	-1.888	LINE	colon	Control
1381	1.35	CpG-Island	colon	Control
1382	1.751	Promoter	colon	Control
1383	1.159	5UTR	colon	Control
1384	1.846	Exon	colon	Control
1385	0.369	Intron	colon	Control
1386	1.264	TTS	colon	Control
1387	0.977	3UTR	colon	Control
1388	-1.536	Intergenic	colon	Control
1389	1.539	SINE	colon	Control
1390	-1.933	LINE	colon	Control
1391	1.437	CpG-Island	colon	Control
1392	1.724	Promoter	colon	Control
1393	1.203	5UTR	colon	Control
1394	1.883	Exon	colon	Control
1395	0.361	Intron	colon	Control
1396	1.322	TTS	colon	Control
1397	1.047	3UTR	colon	Control
1398	-1.446	Intergenic	colon	Control
1399	1.508	SINE	colon	Control
1400	-1.984	LINE	colon	Control
1401	1.735	CpG-Island	colon	Control
1402	1.477	Promoter	colon	Control
1403	1.263	5UTR	colon	Control
1404	2.258	Exon	colon	Control
1405	0.514	Intron	colon	Control
1406	1.524	TTS	colon	Control
1407	1.274	3UTR	colon	Control
1408	-1.469	Intergenic	colon	Control
1409	1.351	SINE	colon	Control
1410	-2.114	LINE	colon	Control
1411	1.524	CpG-Island	ovary	Control
1412	1.688	Promoter	ovary	Control
1413	1.199	5UTR	ovary	Control
1414	1.932	Exon	ovary	Control
1415	0.692	Intron	ovary	Control
1416	1.471	TTS	ovary	Control
1417	1.321	3UTR	ovary	Control
1418	-1.005	Intergenic	ovary	Control
1419	0.978	SINE	ovary	Control
1420	-1.958	LINE	ovary	Control
1421	0.959	CpG-Island	ovary	Control
1422	1.331	Promoter	ovary	Control
1423	0.993	5UTR	ovary	Control
1424	1.738	Exon	ovary	Control
1425	0.6	Intron	ovary	Control
1426	1.137	TTS	ovary	Control
1427	1.086	3UTR	ovary	Control
1428	-0.932	Intergenic	ovary	Control
1429	1.122	SINE	ovary	Control
1430	-1.775	LINE	ovary	Control
1431	1.324	CpG-Island	ovary	Control
1432	1.445	Promoter	ovary	Control
1433	0.947	5UTR	ovary	Control
1434	1.813	Exon	ovary	Control
1435	0.62	Intron	ovary	Control
1436	1.187	TTS	ovary	Control
1437	1.097	3UTR	ovary	Control
1438	-0.959	Intergenic	ovary	Control
1439	1.134	SINE	ovary	Control
1440	-1.955	LINE	ovary	Control
1441	1.019	CpG-Island	ovary	Control
1442	1.394	Promoter	ovary	Control
1443	0.811	5UTR	ovary	Control
1444	1.731	Exon	ovary	Control
1445	0.583	Intron	ovary	Control
1446	1.159	TTS	ovary	Control
1447	1.079	3UTR	ovary	Control
1448	-0.921	Intergenic	ovary	Control
1449	1.117	SINE	ovary	Control
1450	-1.737	LINE	ovary	Control
1451	1.202	CpG-Island	ovary	Control
1452	1.408	Promoter	ovary	Control
1453	0.917	5UTR	ovary	Control
1454	1.755	Exon	ovary	Control
1455	0.555	Intron	ovary	Control
1456	1.188	TTS	ovary	Control
1457	1.088	3UTR	ovary	Control
1458	-1.105	Intergenic	ovary	Control
1459	1.264	SINE	ovary	Control
1460	-1.856	LINE	ovary	Control
1461	1.437	CpG-Island	lung	Control
1462	1.753	Promoter	lung	Control
1463	1.26	5UTR	lung	Control
1464	2.019	Exon	lung	Control
1465	0.509	Intron	lung	Control
1466	1.376	TTS	lung	Control
1467	1.182	3UTR	lung	Control
1468	-1.436	Intergenic	lung	Control
1469	1.301	SINE	lung	Control
1470	-1.811	LINE	lung	Control
1471	1.508	CpG-Island	lung	Control
1472	1.724	Promoter	lung	Control
1473	1.308	5UTR	lung	Control
1474	1.975	Exon	lung	Control
1475	0.481	Intron	lung	Control
1476	1.31	TTS	lung	Control
1477	1.141	3UTR	lung	Control
1478	-1.34	Intergenic	lung	Control
1479	1.338	SINE	lung	Control
1480	-1.888	LINE	lung	Control
1481	1.351	CpG-Island	lung	Control
1482	1.671	Promoter	lung	Control
1483	1.226	5UTR	lung	Control
1484	1.95	Exon	lung	Control
1485	0.454	Intron	lung	Control
1486	1.256	TTS	lung	Control
1487	1.101	3UTR	lung	Control
1488	-1.396	Intergenic	lung	Control
1489	1.394	SINE	lung	Control
1490	-1.889	LINE	lung	Control
1491	1.877	CpG-Island	lung	Control
1492	1.925	Promoter	lung	Control
1493	1.366	5UTR	lung	Control
1494	2.175	Exon	lung	Control
1495	0.454	Intron	lung	Control
1496	1.499	TTS	lung	Control
1497	1.277	3UTR	lung	Control
1498	-1.472	Intergenic	lung	Control
1499	1.38	SINE	lung	Control
1500	-2.175	LINE	lung	Control
1501	1.298	CpG-Island	lung	Control
1502	1.699	Promoter	lung	Control
1503	1.145	5UTR	lung	Control
1504	1.856	Exon	lung	Control
1505	0.49	Intron	lung	Control
1506	1.186	TTS	lung	Control
1507	1.048	3UTR	lung	Control
1508	-1.376	Intergenic	lung	Control
1509	1.36	SINE	lung	Control
1510	-1.798	LINE	lung	Control
1511	1.303	CpG-Island	pancreas	Control
1512	1.614	Promoter	pancreas	Control
1513	1.123	5UTR	pancreas	Control
1514	1.883	Exon	pancreas	Control
1515	0.517	Intron	pancreas	Control
1516	1.266	TTS	pancreas	Control
1517	1.092	3UTR	pancreas	Control
1518	-1.405	Intergenic	pancreas	Control
1519	1.292	SINE	pancreas	Control
1520	-1.717	LINE	pancreas	Control
1521	1.395	CpG-Island	pancreas	Control
1522	1.634	Promoter	pancreas	Control
1523	1.14	5UTR	pancreas	Control
1524	1.882	Exon	pancreas	Control
1525	0.54	Intron	pancreas	Control
1526	1.209	TTS	pancreas	Control
1527	1.044	3UTR	pancreas	Control
1528	-1.31	Intergenic	pancreas	Control
1529	1.24	SINE	pancreas	Control
1530	-1.759	LINE	pancreas	Control
1531	1.235	CpG-Island	pancreas	Control
1532	1.567	Promoter	pancreas	Control
1533	1.165	5UTR	pancreas	Control
1534	1.834	Exon	pancreas	Control
1535	0.558	Intron	pancreas	Control
1536	1.147	TTS	pancreas	Control
1537	1.032	3UTR	pancreas	Control
1538	-1.178	Intergenic	pancreas	Control
1539	1.186	SINE	pancreas	Control
1540	-1.687	LINE	pancreas	Control
1541	1.351	CpG-Island	pancreas	Control
1542	1.592	Promoter	pancreas	Control
1543	1.088	5UTR	pancreas	Control
1544	1.869	Exon	pancreas	Control
1545	0.564	Intron	pancreas	Control
1546	1.242	TTS	pancreas	Control
1547	1.091	3UTR	pancreas	Control
1548	-1.269	Intergenic	pancreas	Control
1549	1.194	SINE	pancreas	Control
1550	-1.716	LINE	pancreas	Control
1551	1.267	CpG-Island	pancreas	Control
1552	1.625	Promoter	pancreas	Control
1553	1.19	5UTR	pancreas	Control
1554	1.78	Exon	pancreas	Control
1555	0.569	Intron	pancreas	Control
1556	1.158	TTS	pancreas	Control
1557	0.992	3UTR	pancreas	Control
1558	-1.294	Intergenic	pancreas	Control
1559	1.216	SINE	pancreas	Control
1560	-1.687	LINE	pancreas	Control
1561	1.168	CpG-Island	breast	Cancer
1562	1.39	Promoter	breast	Cancer
1563	1.086	5UTR	breast	Cancer
1564	1.555	Exon	breast	Cancer
1565	0.644	Intron	breast	Cancer
1566	0.95	TTS	breast	Cancer
1567	0.766	3UTR	breast	Cancer
1568	-0.621	Intergenic	breast	Cancer
1569	0.713	SINE	breast	Cancer
1570	-1.377	LINE	breast	Cancer
1571	1.324	CpG-Island	breast	Cancer
1572	1.522	Promoter	breast	Cancer
1573	1.21	5UTR	breast	Cancer
1574	1.816	Exon	breast	Cancer
1575	0.507	Intron	breast	Cancer
1576	1.112	TTS	breast	Cancer
1577	0.93	3UTR	breast	Cancer
1578	-1.031	Intergenic	breast	Cancer
1579	1.156	SINE	breast	Cancer
1580	-1.53	LINE	breast	Cancer
1581	1.534	CpG-Island	breast	Cancer
1582	1.308	Promoter	breast	Cancer
1583	1.29	5UTR	breast	Cancer
1584	1.986	Exon	breast	Cancer
1585	0.574	Intron	breast	Cancer
1586	1.218	TTS	breast	Cancer
1587	1.135	3UTR	breast	Cancer
1588	-0.653	Intergenic	breast	Cancer
1589	0.992	SINE	breast	Cancer
1590	-2.007	LINE	breast	Cancer
1591	1.256	CpG-Island	colon	Cancer
1592	1.526	Promoter	colon	Cancer
1593	1.097	5UTR	colon	Cancer
1594	1.794	Exon	colon	Cancer
1595	0.339	Intron	colon	Cancer
1596	1.097	TTS	colon	Cancer
1597	0.974	3UTR	colon	Cancer
1598	-1.212	Intergenic	colon	Cancer
1599	1.348	SINE	colon	Cancer
1600	-1.558	LINE	colon	Cancer
1601	1.423	CpG-Island	colon	Cancer
1602	1.65	Promoter	colon	Cancer
1603	1.337	5UTR	colon	Cancer
1604	1.897	Exon	colon	Cancer
1605	0.497	Intron	colon	Cancer
1606	1.221	TTS	colon	Cancer
1607	1.049	3UTR	colon	Cancer
1608	-1.163	Intergenic	colon	Cancer
1609	1.262	SINE	colon	Cancer
1610	-1.863	LINE	colon	Cancer
1611	1.478	CpG-Island	colon	Cancer
1612	1.691	Promoter	colon	Cancer
1613	1.212	5UTR	colon	Cancer
1614	1.763	Exon	colon	Cancer
1615	0.41	Intron	colon	Cancer
1616	1.166	TTS	colon	Cancer
1617	0.89	3UTR	colon	Cancer
1618	-1.147	Intergenic	colon	Cancer
1619	1.302	SINE	colon	Cancer
1620	-1.703	LINE	colon	Cancer
1621	1.16	CpG-Island	colon	Cancer
1622	1.41	Promoter	colon	Cancer
1623	1.149	5UTR	colon	Cancer
1624	1.761	Exon	colon	Cancer
1625	0.566	Intron	colon	Cancer
1626	1.281	TTS	colon	Cancer
1627	1.068	3UTR	colon	Cancer
1628	-1.36	Intergenic	colon	Cancer
1629	1.247	SINE	colon	Cancer
1630	-1.657	LINE	colon	Cancer
1631	1.167	CpG-Island	colon	Cancer
1632	1.295	Promoter	colon	Cancer
1633	1.018	5UTR	colon	Cancer
1634	1.459	Exon	colon	Cancer
1635	0.498	Intron	colon	Cancer
1636	0.975	TTS	colon	Cancer
1637	0.834	3UTR	colon	Cancer
1638	-0.812	Intergenic	colon	Cancer
1639	1.103	SINE	colon	Cancer
1640	-1.571	LINE	colon	Cancer
1641	1.388	CpG-Island	colon	Cancer
1642	1.589	Promoter	colon	Cancer
1643	1.258	5UTR	colon	Cancer
1644	1.903	Exon	colon	Cancer
1645	0.471	Intron	colon	Cancer
1646	1.169	TTS	colon	Cancer
1647	1.047	3UTR	colon	Cancer
1648	-1.136	Intergenic	colon	Cancer
1649	1.22	SINE	colon	Cancer
1650	-1.703	LINE	colon	Cancer
1651	1.234	CpG-Island	colon	Cancer
1652	1.45	Promoter	colon	Cancer
1653	1.173	5UTR	colon	Cancer
1654	1.751	Exon	colon	Cancer
1655	0.434	Intron	colon	Cancer
1656	1.125	TTS	colon	Cancer
1657	0.924	3UTR	colon	Cancer
1658	-1.304	Intergenic	colon	Cancer
1659	1.35	SINE	colon	Cancer
1660	-1.637	LINE	colon	Cancer
1661	1.335	CpG-Island	colon	Cancer
1662	1.5	Promoter	colon	Cancer
1663	1.171	5UTR	colon	Cancer
1664	1.613	Exon	colon	Cancer
1665	0.47	Intron	colon	Cancer
1666	1.041	TTS	colon	Cancer
1667	0.836	3UTR	colon	Cancer
1668	-0.92	Intergenic	colon	Cancer
1669	1.204	SINE	colon	Cancer
1670	-1.687	LINE	colon	Cancer
1671	1.325	CpG-Island	lung	Cancer
1672	1.596	Promoter	lung	Cancer
1673	1.194	5UTR	lung	Cancer
1674	1.857	Exon	lung	Cancer
1675	0.466	Intron	lung	Cancer
1676	1.206	TTS	lung	Cancer
1677	1.044	3UTR	lung	Cancer
1678	-1.196	Intergenic	lung	Cancer
1679	1.3	SINE	lung	Cancer
1680	-1.762	LINE	lung	Cancer
1681	0.599	CpG-Island	lung	Cancer
1682	1.216	Promoter	lung	Cancer
1683	0.893	5UTR	lung	Cancer
1684	1.607	Exon	lung	Cancer
1685	0.325	Intron	lung	Cancer
1686	0.98	TTS	lung	Cancer
1687	0.884	3UTR	lung	Cancer
1688	-0.995	Intergenic	lung	Cancer
1689	1.318	SINE	lung	Cancer
1690	-1.407	LINE	lung	Cancer
1691	1.26	CpG-Island	lung	Cancer
1692	1.638	Promoter	lung	Cancer
1693	1.308	5UTR	lung	Cancer
1694	1.85	Exon	lung	Cancer
1695	0.464	Intron	lung	Cancer
1696	1.197	TTS	lung	Cancer
1697	1.047	3UTR	lung	Cancer
1698	-1.173	Intergenic	lung	Cancer
1699	1.281	SINE	lung	Cancer
1700	-1.733	LINE	lung	Cancer
1701	1.442	CpG-Island	lung	Cancer
1702	1.395	Promoter	lung	Cancer
1703	1.092	5UTR	lung	Cancer
1704	1.782	Exon	lung	Cancer
1705	0.338	Intron	lung	Cancer
1706	1.165	TTS	lung	Cancer
1707	0.993	3UTR	lung	Cancer
1708	-1.104	Intergenic	lung	Cancer
1709	1.464	SINE	lung	Cancer
1710	-1.958	LINE	lung	Cancer
1711	1.048	CpG-Island	lung	Cancer
1712	1.244	Promoter	lung	Cancer
1713	0.781	5UTR	lung	Cancer
1714	1.195	Exon	lung	Cancer
1715	0.528	Intron	lung	Cancer
1716	0.798	TTS	lung	Cancer
1717	0.687	3UTR	lung	Cancer
1718	-0.603	Intergenic	lung	Cancer
1719	0.987	SINE	lung	Cancer
1720	-1.47	LINE	lung	Cancer
1721	1.027	CpG-Island	lung	Cancer
1722	1.242	Promoter	lung	Cancer
1723	1	5UTR	lung	Cancer
1724	1.687	Exon	lung	Cancer
1725	0.338	Intron	lung	Cancer
1726	1.159	TTS	lung	Cancer
1727	0.946	3UTR	lung	Cancer
1728	-1.123	Intergenic	lung	Cancer
1729	1.417	SINE	lung	Cancer
1730	-1.575	LINE	lung	Cancer
1731	1.488	CpG-Island	lung	Cancer
1732	1.628	Promoter	lung	Cancer
1733	1.355	5UTR	lung	Cancer
1734	2.074	Exon	lung	Cancer
1735	0.543	Intron	lung	Cancer
1736	1.31	TTS	lung	Cancer
1737	1.21	3UTR	lung	Cancer
1738	-1.293	Intergenic	lung	Cancer
1739	1.233	SINE	lung	Cancer
1740	-1.874	LINE	lung	Cancer
1741	1.237	CpG-Island	lung	Cancer
1742	1.667	Promoter	lung	Cancer
1743	1.283	5UTR	lung	Cancer
1744	1.916	Exon	lung	Cancer
1745	0.455	Intron	lung	Cancer
1746	1.227	TTS	lung	Cancer
1747	1.114	3UTR	lung	Cancer
1748	-1.245	Intergenic	lung	Cancer
1749	1.278	SINE	lung	Cancer
1750	-1.703	LINE	lung	Cancer
1751	1.059	CpG-Island	lung	Cancer
1752	1.403	Promoter	lung	Cancer
1753	1.173	5UTR	lung	Cancer
1754	1.711	Exon	lung	Cancer
1755	0.369	Intron	lung	Cancer
1756	1.026	TTS	lung	Cancer
1757	0.921	3UTR	lung	Cancer
1758	-0.979	Intergenic	lung	Cancer
1759	1.182	SINE	lung	Cancer
1760	-1.349	LINE	lung	Cancer
1761	0.872	CpG-Island	lung	Cancer
1762	0.788	Promoter	lung	Cancer
1763	0.941	5UTR	lung	Cancer
1764	1.691	Exon	lung	Cancer
1765	0.263	Intron	lung	Cancer
1766	1.036	TTS	lung	Cancer
1767	0.817	3UTR	lung	Cancer
1768	-1.025	Intergenic	lung	Cancer
1769	1.487	SINE	lung	Cancer
1770	-1.603	LINE	lung	Cancer
1771	1.268	CpG-Island	colon	Cancer
1772	1.72	Promoter	colon	Cancer
1773	1.24	5UTR	colon	Cancer
1774	1.869	Exon	colon	Cancer
1775	0.423	Intron	colon	Cancer
1776	1.225	TTS	colon	Cancer
1777	1.054	3UTR	colon	Cancer
1778	-1.302	Intergenic	colon	Cancer
1779	1.345	SINE	colon	Cancer
1780	-1.77	LINE	colon	Cancer
1781	1.473	CpG-Island	pancreas	Cancer
1782	1.56	Promoter	pancreas	Cancer
1783	0.923	5UTR	pancreas	Cancer
1784	1.83	Exon	pancreas	Cancer
1785	0.569	Intron	pancreas	Cancer
1786	1.284	TTS	pancreas	Cancer
1787	1.015	3UTR	pancreas	Cancer
1788	-1.02	Intergenic	pancreas	Cancer
1789	1.149	SINE	pancreas	Cancer
1790	-1.807	LINE	pancreas	Cancer
1791	1.313	CpG-Island	pancreas	Cancer
1792	1.562	Promoter	pancreas	Cancer
1793	1.21	5UTR	pancreas	Cancer
1794	1.679	Exon	pancreas	Cancer
1795	0.74	Intron	pancreas	Cancer
1796	0.874	TTS	pancreas	Cancer
1797	0.923	3UTR	pancreas	Cancer
1798	-0.55	Intergenic	pancreas	Cancer
1799	0.326	SINE	pancreas	Cancer
1800	-1.171	LINE	pancreas	Cancer
1801	0.558	CpG-Island	pancreas	Cancer
1802	0.958	Promoter	pancreas	Cancer
1803	0.717	5UTR	pancreas	Cancer
1804	1.051	Exon	pancreas	Cancer
1805	0.601	Intron	pancreas	Cancer
1806	0.433	TTS	pancreas	Cancer
1807	0.35	3UTR	pancreas	Cancer
1808	-0.49	Intergenic	pancreas	Cancer
1809	0.714	SINE	pancreas	Cancer
1810	-1.046	LINE	pancreas	Cancer
1811	1.471	CpG-Island	pancreas	Cancer
1812	1.654	Promoter	pancreas	Cancer
1813	1.339	5UTR	pancreas	Cancer
1814	1.716	Exon	pancreas	Cancer
1815	0.78	Intron	pancreas	Cancer
1816	0.855	TTS	pancreas	Cancer
1817	0.981	3UTR	pancreas	Cancer
1818	-0.64	Intergenic	pancreas	Cancer
1819	0.26	SINE	pancreas	Cancer
1820	-1.167	LINE	pancreas	Cancer
1821	0.381	CpG-Island	breast	Cancer
1822	1.227	Promoter	breast	Cancer
1823	0.906	5UTR	breast	Cancer
1824	1.691	Exon	breast	Cancer
1825	0.307	Intron	breast	Cancer
1826	0.983	TTS	breast	Cancer
1827	0.941	3UTR	breast	Cancer
1828	-1.094	Intergenic	breast	Cancer
1829	1.169	SINE	breast	Cancer
1830	-1.02	LINE	breast	Cancer
1831	0.302	CpG-Island	colon	Cancer
1832	1.158	Promoter	colon	Cancer
1833	0.848	5UTR	colon	Cancer
1834	1.684	Exon	colon	Cancer
1835	0.286	Intron	colon	Cancer
1836	0.939	TTS	colon	Cancer
1837	0.936	3UTR	colon	Cancer
1838	-1.055	Intergenic	colon	Cancer
1839	1.173	SINE	colon	Cancer
1840	-1.007	LINE	colon	Cancer
1841	1.196	CpG-Island	breast	Cancer
1842	1.345	Promoter	breast	Cancer
1843	1.179	5UTR	breast	Cancer
1844	1.608	Exon	breast	Cancer
1845	0.537	Intron	breast	Cancer
1846	0.945	TTS	breast	Cancer
1847	0.91	3UTR	breast	Cancer
1848	-0.938	Intergenic	breast	Cancer
1849	0.904	SINE	breast	Cancer
1850	-0.984	LINE	breast	Cancer
1851	0.612	CpG-Island	breast	Cancer
1852	1.03	Promoter	breast	Cancer
1853	0.771	5UTR	breast	Cancer
1854	1.534	Exon	breast	Cancer
1855	0.201	Intron	breast	Cancer
1856	0.939	TTS	breast	Cancer
1857	0.753	3UTR	breast	Cancer
1858	-0.992	Intergenic	breast	Cancer
1859	1.442	SINE	breast	Cancer
1860	-1.489	LINE	breast	Cancer
1861	0.98	CpG-Island	breast	Cancer
1862	1.195	Promoter	breast	Cancer
1863	0.955	5UTR	breast	Cancer
1864	1.677	Exon	breast	Cancer
1865	0.64	Intron	breast	Cancer
1866	0.896	TTS	breast	Cancer
1867	0.917	3UTR	breast	Cancer
1868	-0.812	Intergenic	breast	Cancer
1869	0.76	SINE	breast	Cancer
1870	-1.137	LINE	breast	Cancer
1871	0.39	CpG-Island	breast	Cancer
1872	0.91	Promoter	breast	Cancer
1873	0.792	5UTR	breast	Cancer
1874	1.372	Exon	breast	Cancer
1875	0.404	Intron	breast	Cancer
1876	0.746	TTS	breast	Cancer
1877	0.687	3UTR	breast	Cancer
1878	-0.9	Intergenic	breast	Cancer
1879	1.153	SINE	breast	Cancer
1880	-0.977	LINE	breast	Cancer
1881	0.971	CpG-Island	colon	Cancer
1882	1.224	Promoter	colon	Cancer
1883	1.116	5UTR	colon	Cancer
1884	1.555	Exon	colon	Cancer
1885	0.474	Intron	colon	Cancer
1886	1.044	TTS	colon	Cancer
1887	0.865	3UTR	colon	Cancer
1888	-0.829	Intergenic	colon	Cancer
1889	1.086	SINE	colon	Cancer
1890	-1.438	LINE	colon	Cancer
1891	-0.239	CpG-Island	colon	Cancer
1892	1.036	Promoter	colon	Cancer
1893	0.933	5UTR	colon	Cancer
1894	1.224	Exon	colon	Cancer
1895	0.53	Intron	colon	Cancer
1896	0.825	TTS	colon	Cancer
1897	0.764	3UTR	colon	Cancer
1898	-1.413	Intergenic	colon	Cancer
1899	1.307	SINE	colon	Cancer
1900	-1.248	LINE	colon	Cancer
1901	1.108	CpG-Island	colon	Cancer
1902	1.131	Promoter	colon	Cancer
1903	0.932	5UTR	colon	Cancer
1904	1.433	Exon	colon	Cancer
1905	0.397	Intron	colon	Cancer
1906	0.918	TTS	colon	Cancer
1907	0.698	3UTR	colon	Cancer
1908	-1.142	Intergenic	colon	Cancer
1909	1.322	SINE	colon	Cancer
1910	-1.357	LINE	colon	Cancer
1911	1.066	CpG-Island	colon	Cancer
1912	1.431	Promoter	colon	Cancer
1913	0.992	5UTR	colon	Cancer
1914	1.767	Exon	colon	Cancer
1915	0.346	Intron	colon	Cancer
1916	1.102	TTS	colon	Cancer
1917	0.954	3UTR	colon	Cancer
1918	-1.082	Intergenic	colon	Cancer
1919	1.241	SINE	colon	Cancer
1920	-1.381	LINE	colon	Cancer
1921	1.58	CpG-Island	colon	Cancer
1922	1.541	Promoter	colon	Cancer
1923	1.123	5UTR	colon	Cancer
1924	1.905	Exon	colon	Cancer
1925	0.566	Intron	colon	Cancer
1926	1.285	TTS	colon	Cancer
1927	1.014	3UTR	colon	Cancer
1928	-1.025	Intergenic	colon	Cancer
1929	1.146	SINE	colon	Cancer
1930	-1.835	LINE	colon	Cancer
1931	1.046	CpG-Island	colon	Cancer
1932	1.215	Promoter	colon	Cancer
1933	0.999	5UTR	colon	Cancer
1934	1.54	Exon	colon	Cancer
1935	0.512	Intron	colon	Cancer
1936	0.913	TTS	colon	Cancer
1937	0.803	3UTR	colon	Cancer
1938	-0.994	Intergenic	colon	Cancer
1939	1.1	SINE	colon	Cancer
1940	-1.339	LINE	colon	Cancer
1941	0.793	CpG-Island	colon	Cancer
1942	1.098	Promoter	colon	Cancer
1943	0.828	5UTR	colon	Cancer
1944	1.479	Exon	colon	Cancer
1945	0.317	Intron	colon	Cancer
1946	0.902	TTS	colon	Cancer
1947	0.797	3UTR	colon	Cancer
1948	-1.375	Intergenic	colon	Cancer
1949	1.509	SINE	colon	Cancer
1950	-1.506	LINE	colon	Cancer
1951	1.034	CpG-Island	colon	Cancer
1952	1.282	Promoter	colon	Cancer
1953	0.902	5UTR	colon	Cancer
1954	1.584	Exon	colon	Cancer
1955	0.274	Intron	colon	Cancer
1956	0.984	TTS	colon	Cancer
1957	0.811	3UTR	colon	Cancer
1958	-1.317	Intergenic	colon	Cancer
1959	1.525	SINE	colon	Cancer
1960	-1.609	LINE	colon	Cancer
1961	1.175	CpG-Island	colon	Cancer
1962	1.431	Promoter	colon	Cancer
1963	1.045	5UTR	colon	Cancer
1964	1.687	Exon	colon	Cancer
1965	0.502	Intron	colon	Cancer
1966	1.078	TTS	colon	Cancer
1967	0.947	3UTR	colon	Cancer
1968	-1.081	Intergenic	colon	Cancer
1969	1.153	SINE	colon	Cancer
1970	-1.51	LINE	colon	Cancer
1971	0.839	CpG-Island	colon	Cancer
1972	1.406	Promoter	colon	Cancer
1973	1.108	5UTR	colon	Cancer
1974	1.748	Exon	colon	Cancer
1975	0.329	Intron	colon	Cancer
1976	1.073	TTS	colon	Cancer
1977	0.975	3UTR	colon	Cancer
1978	-1.156	Intergenic	colon	Cancer
1979	1.298	SINE	colon	Cancer
1980	-1.361	LINE	colon	Cancer
1981	1.779	CpG-Island	colon	Cancer
1982	1.73	Promoter	colon	Cancer
1983	1.14	5UTR	colon	Cancer
1984	1.977	Exon	colon	Cancer
1985	0.594	Intron	colon	Cancer
1986	1.269	TTS	colon	Cancer
1987	1.068	3UTR	colon	Cancer
1988	-1.134	Intergenic	colon	Cancer
1989	1.14	SINE	colon	Cancer
1990	-1.901	LINE	colon	Cancer
1991	1.367	CpG-Island	colon	Cancer
1992	1.449	Promoter	colon	Cancer
1993	1.092	5UTR	colon	Cancer
1994	1.802	Exon	colon	Cancer
1995	0.526	Intron	colon	Cancer
1996	1.147	TTS	colon	Cancer
1997	0.94	3UTR	colon	Cancer
1998	-1.057	Intergenic	colon	Cancer
1999	1.206	SINE	colon	Cancer
2000	-1.743	LINE	colon	Cancer
2001	1.631	CpG-Island	colon	Cancer
2002	1.347	Promoter	colon	Cancer
2003	1.176	5UTR	colon	Cancer
2004	2.04	Exon	colon	Cancer
2005	0.339	Intron	colon	Cancer
2006	1.259	TTS	colon	Cancer
2007	1.109	3UTR	colon	Cancer
2008	-1.459	Intergenic	colon	Cancer
2009	1.461	SINE	colon	Cancer
2010	-1.74	LINE	colon	Cancer
2011	0.864	CpG-Island	colon	Cancer
2012	1.076	Promoter	colon	Cancer
2013	0.88	5UTR	colon	Cancer
2014	1.33	Exon	colon	Cancer
2015	0.353	Intron	colon	Cancer
2016	0.842	TTS	colon	Cancer
2017	0.644	3UTR	colon	Cancer
2018	-0.775	Intergenic	colon	Cancer
2019	1.205	SINE	colon	Cancer
2020	-1.414	LINE	colon	Cancer
2021	1.358	CpG-Island	colon	Cancer
2022	1.438	Promoter	colon	Cancer
2023	1.168	5UTR	colon	Cancer
2024	1.684	Exon	colon	Cancer
2025	0.4	Intron	colon	Cancer
2026	1.045	TTS	colon	Cancer
2027	0.827	3UTR	colon	Cancer
2028	-0.829	Intergenic	colon	Cancer
2029	1.106	SINE	colon	Cancer
2030	-1.458	LINE	colon	Cancer
2031	1.269	CpG-Island	colon	Cancer
2032	1.468	Promoter	colon	Cancer
2033	0.978	5UTR	colon	Cancer
2034	1.37	Exon	colon	Cancer
2035	0.55	Intron	colon	Cancer
2036	0.805	TTS	colon	Cancer
2037	0.662	3UTR	colon	Cancer
2038	-0.409	Intergenic	colon	Cancer
2039	0.542	SINE	colon	Cancer
2040	-1.186	LINE	colon	Cancer
2041	1.37	CpG-Island	colon	Cancer
2042	1.596	Promoter	colon	Cancer
2043	1.036	5UTR	colon	Cancer
2044	1.765	Exon	colon	Cancer
2045	0.503	Intron	colon	Cancer
2046	1.162	TTS	colon	Cancer
2047	0.989	3UTR	colon	Cancer
2048	-1.127	Intergenic	colon	Cancer
2049	1.242	SINE	colon	Cancer
2050	-1.709	LINE	colon	Cancer
2051	0.783	CpG-Island	colon	Cancer
2052	1.361	Promoter	colon	Cancer
2053	1.035	5UTR	colon	Cancer
2054	1.759	Exon	colon	Cancer
2055	0.354	Intron	colon	Cancer
2056	1.055	TTS	colon	Cancer
2057	0.963	3UTR	colon	Cancer
2058	-1.102	Intergenic	colon	Cancer
2059	1.275	SINE	colon	Cancer
2060	-1.4	LINE	colon	Cancer
2061	1.042	CpG-Island	lung	Cancer
2062	1.462	Promoter	lung	Cancer
2063	1.121	5UTR	lung	Cancer
2064	1.709	Exon	lung	Cancer
2065	0.456	Intron	lung	Cancer
2066	1.065	TTS	lung	Cancer
2067	0.933	3UTR	lung	Cancer
2068	-1.014	Intergenic	lung	Cancer
2069	1.231	SINE	lung	Cancer
2070	-1.602	LINE	lung	Cancer
2071	1.586	CpG-Island	lung	Cancer
2072	1.77	Promoter	lung	Cancer
2073	1.311	5UTR	lung	Cancer
2074	2.037	Exon	lung	Cancer
2075	0.481	Intron	lung	Cancer
2076	1.422	TTS	lung	Cancer
2077	1.16	3UTR	lung	Cancer
2078	-1.511	Intergenic	lung	Cancer
2079	1.412	SINE	lung	Cancer
2080	-2.092	LINE	lung	Cancer
2081	1.569	CpG-Island	lung	Cancer
2082	1.806	Promoter	lung	Cancer
2083	1.175	5UTR	lung	Cancer
2084	2.008	Exon	lung	Cancer
2085	0.41	Intron	lung	Cancer
2086	1.336	TTS	lung	Cancer
2087	1.082	3UTR	lung	Cancer
2088	-1.413	Intergenic	lung	Cancer
2089	1.428	SINE	lung	Cancer
2090	-1.953	LINE	lung	Cancer
2091	0.888	CpG-Island	lung	Cancer
2092	1.129	Promoter	lung	Cancer
2093	0.814	5UTR	lung	Cancer
2094	1.544	Exon	lung	Cancer
2095	0.432	Intron	lung	Cancer
2096	0.961	TTS	lung	Cancer
2097	0.788	3UTR	lung	Cancer
2098	-1.053	Intergenic	lung	Cancer
2099	1.33	SINE	lung	Cancer
2100	-1.539	LINE	lung	Cancer
2101	0.852	CpG-Island	lung	Cancer
2102	1.115	Promoter	lung	Cancer
2103	0.896	5UTR	lung	Cancer
2104	1.484	Exon	lung	Cancer
2105	0.32	Intron	lung	Cancer
2106	0.847	TTS	lung	Cancer
2107	0.639	3UTR	lung	Cancer
2108	-1.094	Intergenic	lung	Cancer
2109	1.443	SINE	lung	Cancer
2110	-1.473	LINE	lung	Cancer
2111	1.537	CpG-Island	lung	Cancer
2112	1.729	Promoter	lung	Cancer
2113	1.153	5UTR	lung	Cancer
2114	1.922	Exon	lung	Cancer
2115	0.476	Intron	lung	Cancer
2116	1.243	TTS	lung	Cancer
2117	1.036	3UTR	lung	Cancer
2118	-1.108	Intergenic	lung	Cancer
2119	1.248	SINE	lung	Cancer
2120	-1.868	LINE	lung	Cancer
2121	1.053	CpG-Island	lung	Cancer
2122	1.449	Promoter	lung	Cancer
2123	1.076	5UTR	lung	Cancer
2124	1.756	Exon	lung	Cancer
2125	0.449	Intron	lung	Cancer
2126	1.147	TTS	lung	Cancer
2127	0.985	3UTR	lung	Cancer
2128	-1.165	Intergenic	lung	Cancer
2129	1.325	SINE	lung	Cancer
2130	-1.707	LINE	lung	Cancer
2131	1.228	CpG-Island	lung	Cancer
2132	1.573	Promoter	lung	Cancer
2133	1.176	5UTR	lung	Cancer
2134	1.648	Exon	lung	Cancer
2135	0.383	Intron	lung	Cancer
2136	1.103	TTS	lung	Cancer
2137	0.874	3UTR	lung	Cancer
2138	-1.06	Intergenic	lung	Cancer
2139	1.303	SINE	lung	Cancer
2140	-1.594	LINE	lung	Cancer
2141	0.791	CpG-Island	lung	Cancer
2142	1.256	Promoter	lung	Cancer
2143	0.846	5UTR	lung	Cancer
2144	1.515	Exon	lung	Cancer
2145	0.46	Intron	lung	Cancer
2146	0.885	TTS	lung	Cancer
2147	0.789	3UTR	lung	Cancer
2148	-0.765	Intergenic	lung	Cancer
2149	1.113	SINE	lung	Cancer
2150	-1.512	LINE	lung	Cancer
2151	1.331	CpG-Island	lung	Cancer
2152	1.619	Promoter	lung	Cancer
2153	1.169	5UTR	lung	Cancer
2154	1.554	Exon	lung	Cancer
2155	0.421	Intron	lung	Cancer
2156	1.086	TTS	lung	Cancer
2157	0.899	3UTR	lung	Cancer
2158	-0.859	Intergenic	lung	Cancer
2159	1.174	SINE	lung	Cancer
2160	-1.548	LINE	lung	Cancer
2161	0.373	CpG-Island	lung	Cancer
2162	0.992	Promoter	lung	Cancer
2163	0.782	5UTR	lung	Cancer
2164	1.695	Exon	lung	Cancer
2165	0.237	Intron	lung	Cancer
2166	1.048	TTS	lung	Cancer
2167	0.946	3UTR	lung	Cancer
2168	-1.245	Intergenic	lung	Cancer
2169	1.429	SINE	lung	Cancer
2170	-1.198	LINE	lung	Cancer
2171	2.225	CpG-Island	lung	Cancer
2172	1.869	Promoter	lung	Cancer
2173	1.456	5UTR	lung	Cancer
2174	2.199	Exon	lung	Cancer
2175	0.542	Intron	lung	Cancer
2176	1.297	TTS	lung	Cancer
2177	1.164	3UTR	lung	Cancer
2178	-0.931	Intergenic	lung	Cancer
2179	1.007	SINE	lung	Cancer
2180	-1.963	LINE	lung	Cancer
2181	1.745	CpG-Island	lung	Cancer
2182	0.872	Promoter	lung	Cancer
2183	0.853	5UTR	lung	Cancer
2184	1.667	Exon	lung	Cancer
2185	0.911	Intron	lung	Cancer
2186	0.966	TTS	lung	Cancer
2187	0.817	3UTR	lung	Cancer
2188	-0.415	Intergenic	lung	Cancer
2189	0.18	SINE	lung	Cancer
2190	-1.62	LINE	lung	Cancer
2191	1.481	CpG-Island	lung	Cancer
2192	1.292	Promoter	lung	Cancer
2193	1.063	5UTR	lung	Cancer
2194	1.748	Exon	lung	Cancer
2195	0.388	Intron	lung	Cancer
2196	1.147	TTS	lung	Cancer
2197	1.039	3UTR	lung	Cancer
2198	-1.05	Intergenic	lung	Cancer
2199	1.374	SINE	lung	Cancer
2200	-1.708	LINE	lung	Cancer
2201	1.183	CpG-Island	lung	Cancer
2202	1.522	Promoter	lung	Cancer
2203	1.231	5UTR	lung	Cancer
2204	1.786	Exon	lung	Cancer
2205	0.414	Intron	lung	Cancer
2206	1.159	TTS	lung	Cancer
2207	1.065	3UTR	lung	Cancer
2208	-1.235	Intergenic	lung	Cancer
2209	1.305	SINE	lung	Cancer
2210	-1.549	LINE	lung	Cancer
2211	0.861	CpG-Island	lung	Cancer
2212	1.273	Promoter	lung	Cancer
2213	0.91	5UTR	lung	Cancer
2214	1.658	Exon	lung	Cancer
2215	0.442	Intron	lung	Cancer
2216	1.023	TTS	lung	Cancer
2217	0.919	3UTR	lung	Cancer
2218	-1.009	Intergenic	lung	Cancer
2219	1.278	SINE	lung	Cancer
2220	-1.621	LINE	lung	Cancer
2221	1.372	CpG-Island	lung	Cancer
2222	1.384	Promoter	lung	Cancer
2223	1.075	5UTR	lung	Cancer
2224	1.671	Exon	lung	Cancer
2225	0.437	Intron	lung	Cancer
2226	1.019	TTS	lung	Cancer
2227	0.885	3UTR	lung	Cancer
2228	-0.669	Intergenic	lung	Cancer
2229	1.038	SINE	lung	Cancer
2230	-1.608	LINE	lung	Cancer
2231	1.512	CpG-Island	ovary	Cancer
2232	1.385	Promoter	ovary	Cancer
2233	1.189	5UTR	ovary	Cancer
2234	2.095	Exon	ovary	Cancer
2235	0.429	Intron	ovary	Cancer
2236	1.49	TTS	ovary	Cancer
2237	1.35	3UTR	ovary	Cancer
2238	-1.501	Intergenic	ovary	Cancer
2239	1.454	SINE	ovary	Cancer
2240	-1.996	LINE	ovary	Cancer
2241	1.002	CpG-Island	ovary	Cancer
2242	1.158	Promoter	ovary	Cancer
2243	0.978	5UTR	ovary	Cancer
2244	1.608	Exon	ovary	Cancer
2245	0.601	Intron	ovary	Cancer
2246	0.965	TTS	ovary	Cancer
2247	0.893	3UTR	ovary	Cancer
2248	-0.987	Intergenic	ovary	Cancer
2249	1.105	SINE	ovary	Cancer
2250	-1.541	LINE	ovary	Cancer
2251	1.087	CpG-Island	ovary	Cancer
2252	1.232	Promoter	ovary	Cancer
2253	0.997	5UTR	ovary	Cancer
2254	1.267	Exon	ovary	Cancer
2255	0.502	Intron	ovary	Cancer
2256	0.692	TTS	ovary	Cancer
2257	0.509	3UTR	ovary	Cancer
2258	-0.4	Intergenic	ovary	Cancer
2259	0.806	SINE	ovary	Cancer
2260	-1.352	LINE	ovary	Cancer
2261	1.255	CpG-Island	ovary	Cancer
2262	1.365	Promoter	ovary	Cancer
2263	1.123	5UTR	ovary	Cancer
2264	1.974	Exon	ovary	Cancer
2265	0.391	Intron	ovary	Cancer
2266	1.264	TTS	ovary	Cancer
2267	1.144	3UTR	ovary	Cancer
2268	-1.423	Intergenic	ovary	Cancer
2269	1.45	SINE	ovary	Cancer
2270	-1.777	LINE	ovary	Cancer
2271	1.211	CpG-Island	ovary	Cancer
2272	1.355	Promoter	ovary	Cancer
2273	1.012	5UTR	ovary	Cancer
2274	1.789	Exon	ovary	Cancer
2275	0.526	Intron	ovary	Cancer
2276	1.169	TTS	ovary	Cancer
2277	1.013	3UTR	ovary	Cancer
2278	-1.048	Intergenic	ovary	Cancer
2279	1.208	SINE	ovary	Cancer
2280	-1.846	LINE	ovary	Cancer
2281	1.129	CpG-Island	ovary	Cancer
2282	0.941	Promoter	ovary	Cancer
2283	0.865	5UTR	ovary	Cancer
2284	1.748	Exon	ovary	Cancer
2285	0.491	Intron	ovary	Cancer
2286	0.92	TTS	ovary	Cancer
2287	0.888	3UTR	ovary	Cancer
2288	-0.516	Intergenic	ovary	Cancer
2289	1.08	SINE	ovary	Cancer
2290	-1.847	LINE	ovary	Cancer
2291	1.062	CpG-Island	ovary	Cancer
2292	0.989	Promoter	ovary	Cancer
2293	0.888	5UTR	ovary	Cancer
2294	1.416	Exon	ovary	Cancer
2295	0.426	Intron	ovary	Cancer
2296	0.865	TTS	ovary	Cancer
2297	0.647	3UTR	ovary	Cancer
2298	-0.55	Intergenic	ovary	Cancer
2299	1.195	SINE	ovary	Cancer
2300	-1.872	LINE	ovary	Cancer
2301	0.934	CpG-Island	ovary	Cancer
2302	0.953	Promoter	ovary	Cancer
2303	0.911	5UTR	ovary	Cancer
2304	1.538	Exon	ovary	Cancer
2305	0.335	Intron	ovary	Cancer
2306	0.954	TTS	ovary	Cancer
2307	0.791	3UTR	ovary	Cancer
2308	-0.791	Intergenic	ovary	Cancer
2309	1.415	SINE	ovary	Cancer
2310	-1.931	LINE	ovary	Cancer
2311	1.147	CpG-Island	ovary	Cancer
2312	0.949	Promoter	ovary	Cancer
2313	0.75	5UTR	ovary	Cancer
2314	1.304	Exon	ovary	Cancer
2315	0.32	Intron	ovary	Cancer
2316	0.921	TTS	ovary	Cancer
2317	0.606	3UTR	ovary	Cancer
2318	-1.055	Intergenic	ovary	Cancer
2319	1.569	SINE	ovary	Cancer
2320	-1.919	LINE	ovary	Cancer
2321	0.877	CpG-Island	ovary	Cancer
2322	0.957	Promoter	ovary	Cancer
2323	0.831	5UTR	ovary	Cancer
2324	1.284	Exon	ovary	Cancer
2325	0.011	Intron	ovary	Cancer
2326	0.976	TTS	ovary	Cancer
2327	0.686	3UTR	ovary	Cancer
2328	-1.549	Intergenic	ovary	Cancer
2329	1.938	SINE	ovary	Cancer
2330	-2.16	LINE	ovary	Cancer
2331	0.708	CpG-Island	ovary	Cancer
2332	0.904	Promoter	ovary	Cancer
2333	0.702	5UTR	ovary	Cancer
2334	1.267	Exon	ovary	Cancer
2335	0.11	Intron	ovary	Cancer
2336	0.978	TTS	ovary	Cancer
2337	0.724	3UTR	ovary	Cancer
2338	-1.316	Intergenic	ovary	Cancer
2339	1.802	SINE	ovary	Cancer
2340	-2.048	LINE	ovary	Cancer
2341	1.476	CpG-Island	ovary	Cancer
2342	1.477	Promoter	ovary	Cancer
2343	1.028	5UTR	ovary	Cancer
2344	1.823	Exon	ovary	Cancer
2345	0.62	Intron	ovary	Cancer
2346	1.146	TTS	ovary	Cancer
2347	1.021	3UTR	ovary	Cancer
2348	-0.886	Intergenic	ovary	Cancer
2349	1.062	SINE	ovary	Cancer
2350	-1.898	LINE	ovary	Cancer
2351	0.96	CpG-Island	ovary	Cancer
2352	1.059	Promoter	ovary	Cancer
2353	0.927	5UTR	ovary	Cancer
2354	1.272	Exon	ovary	Cancer
2355	0.404	Intron	ovary	Cancer
2356	0.755	TTS	ovary	Cancer
2357	0.596	3UTR	ovary	Cancer
2358	-0.967	Intergenic	ovary	Cancer
2359	1.214	SINE	ovary	Cancer
2360	-1.145	LINE	ovary	Cancer
2361	0.652	CpG-Island	ovary	Cancer
2362	1.183	Promoter	ovary	Cancer
2363	0.75	5UTR	ovary	Cancer
2364	1.218	Exon	ovary	Cancer
2365	0.441	Intron	ovary	Cancer
2366	0.85	TTS	ovary	Cancer
2367	0.681	3UTR	ovary	Cancer
2368	-0.804	Intergenic	ovary	Cancer
2369	1.247	SINE	ovary	Cancer
2370	-1.591	LINE	ovary	Cancer
2371	1.097	CpG-Island	ovary	Cancer
2372	1.18	Promoter	ovary	Cancer
2373	0.927	5UTR	ovary	Cancer
2374	1.639	Exon	ovary	Cancer
2375	0.352	Intron	ovary	Cancer
2376	0.962	TTS	ovary	Cancer
2377	0.794	3UTR	ovary	Cancer
2378	-1.149	Intergenic	ovary	Cancer
2379	1.388	SINE	ovary	Cancer
2380	-1.543	LINE	ovary	Cancer
2381	-0.081	CpG-Island	ovary	Cancer
2382	0.995	Promoter	ovary	Cancer
2383	0.78	5UTR	ovary	Cancer
2384	1.552	Exon	ovary	Cancer
2385	0.364	Intron	ovary	Cancer
2386	0.883	TTS	ovary	Cancer
2387	0.867	3UTR	ovary	Cancer
2388	-1.014	Intergenic	ovary	Cancer
2389	1.032	SINE	ovary	Cancer
2390	-0.778	LINE	ovary	Cancer
2391	1.213	CpG-Island	ovary	Control
2392	1.284	Promoter	ovary	Control
2393	1.02	5UTR	ovary	Control
2394	1.913	Exon	ovary	Control
2395	0.64	Intron	ovary	Control
2396	1.317	TTS	ovary	Control
2397	1.204	3UTR	ovary	Control
2398	-0.932	Intergenic	ovary	Control
2399	1.015	SINE	ovary	Control
2400	-1.774	LINE	ovary	Control
2401	0.948	CpG-Island	ovary	Control
2402	1.248	Promoter	ovary	Control
2403	0.838	5UTR	ovary	Control
2404	1.753	Exon	ovary	Control
2405	0.583	Intron	ovary	Control
2406	1.153	TTS	ovary	Control
2407	1.098	3UTR	ovary	Control
2408	-0.899	Intergenic	ovary	Control
2409	1.096	SINE	ovary	Control
2410	-1.695	LINE	ovary	Control
2411	1.144	CpG-Island	ovary	Control
2412	1.272	Promoter	ovary	Control
2413	1.017	5UTR	ovary	Control
2414	1.849	Exon	ovary	Control
2415	0.603	Intron	ovary	Control
2416	1.196	TTS	ovary	Control
2417	1.153	3UTR	ovary	Control
2418	-0.996	Intergenic	ovary	Control
2419	1.129	SINE	ovary	Control
2420	-1.781	LINE	ovary	Control
2421	1.305	CpG-Island	ovary	Control
2422	1.537	Promoter	ovary	Control
2423	0.958	5UTR	ovary	Control
2424	1.851	Exon	ovary	Control
2425	0.628	Intron	ovary	Control
2426	1.255	TTS	ovary	Control
2427	1.179	3UTR	ovary	Control
2428	-0.877	Intergenic	ovary	Control
2429	1.009	SINE	ovary	Control
2430	-1.832	LINE	ovary	Control
2431	0.881	CpG-Island	ovary	Control
2432	1.236	Promoter	ovary	Control
2433	0.812	5UTR	ovary	Control
2434	1.68	Exon	ovary	Control
2435	0.614	Intron	ovary	Control
2436	1.026	TTS	ovary	Control
2437	1.038	3UTR	ovary	Control
2438	-0.904	Intergenic	ovary	Control
2439	1.07	SINE	ovary	Control
2440	-1.641	LINE	ovary	Control
2441	1.118	CpG-Island	ovary	Cancer
2442	1.205	Promoter	ovary	Cancer
2443	0.929	5UTR	ovary	Cancer
2444	1.717	Exon	ovary	Cancer
2445	0.496	Intron	ovary	Cancer
2446	1.001	TTS	ovary	Cancer
2447	0.863	3UTR	ovary	Cancer
2448	-0.581	Intergenic	ovary	Cancer
2449	1.064	SINE	ovary	Cancer
2450	-1.871	LINE	ovary	Cancer
2451	0.997	CpG-Island	ovary	Cancer
2452	1.171	Promoter	ovary	Cancer
2453	0.751	5UTR	ovary	Cancer
2454	1.56	Exon	ovary	Cancer
2455	0.358	Intron	ovary	Cancer
2456	0.807	TTS	ovary	Cancer
2457	0.649	3UTR	ovary	Cancer
2458	-0.747	Intergenic	ovary	Cancer
2459	1.188	SINE	ovary	Cancer
2460	-1.493	LINE	ovary	Cancer
2461	0.765	CpG-Island	ovary	Cancer
2462	1.275	Promoter	ovary	Cancer
2463	0.968	5UTR	ovary	Cancer
2464	1.537	Exon	ovary	Cancer
2465	0.534	Intron	ovary	Cancer
2466	0.942	TTS	ovary	Cancer
2467	0.889	3UTR	ovary	Cancer
2468	-0.773	Intergenic	ovary	Cancer
2469	0.983	SINE	ovary	Cancer
2470	-1.447	LINE	ovary	Cancer
2471	1.282	CpG-Island	ovary	Cancer
2472	1.393	Promoter	ovary	Cancer
2473	1.051	5UTR	ovary	Cancer
2474	1.714	Exon	ovary	Cancer
2475	0.501	Intron	ovary	Cancer
2476	1.089	TTS	ovary	Cancer
2477	0.933	3UTR	ovary	Cancer
2478	-0.925	Intergenic	ovary	Cancer
2479	1.228	SINE	ovary	Cancer
2480	-1.84	LINE	ovary	Cancer
2481	0.981	CpG-Island	ovary	Cancer
2482	1.381	Promoter	ovary	Cancer
2483	1.049	5UTR	ovary	Cancer
2484	1.623	Exon	ovary	Cancer
2485	0.54	Intron	ovary	Cancer
2486	0.978	TTS	ovary	Cancer
2487	0.848	3UTR	ovary	Cancer
2488	-0.687	Intergenic	ovary	Cancer
2489	0.95	SINE	ovary	Cancer
2490	-1.592	LINE	ovary	Cancer
2491	1.219	CpG-Island	ovary	Cancer
2492	1.545	Promoter	ovary	Cancer
2493	1.16	5UTR	ovary	Cancer
2494	1.744	Exon	ovary	Cancer
2495	0.484	Intron	ovary	Cancer
2496	1.092	TTS	ovary	Cancer
2497	0.962	3UTR	ovary	Cancer
2498	-0.956	Intergenic	ovary	Cancer
2499	1.178	SINE	ovary	Cancer
2500	-1.69	LINE	ovary	Cancer
2501	1.258	CpG-Island	ovary	Cancer
2502	1.489	Promoter	ovary	Cancer
2503	1.107	5UTR	ovary	Cancer
2504	1.645	Exon	ovary	Cancer
2505	0.522	Intron	ovary	Cancer
2506	1.029	TTS	ovary	Cancer
2507	0.897	3UTR	ovary	Cancer
2508	-0.747	Intergenic	ovary	Cancer
2509	1.044	SINE	ovary	Cancer
2510	-1.683	LINE	ovary	Cancer
2511	0.884	CpG-Island	ovary	Cancer
2512	0.953	Promoter	ovary	Cancer
2513	0.832	5UTR	ovary	Cancer
2514	1.581	Exon	ovary	Cancer
2515	0.494	Intron	ovary	Cancer
2516	0.83	TTS	ovary	Cancer
2517	0.733	3UTR	ovary	Cancer
2518	-0.52	Intergenic	ovary	Cancer
2519	0.966	SINE	ovary	Cancer
2520	-1.635	LINE	ovary	Cancer
2521	0.406	CpG-Island	ovary	Cancer
2522	0.793	Promoter	ovary	Cancer
2523	0.637	5UTR	ovary	Cancer
2524	1.27	Exon	ovary	Cancer
2525	0.34	Intron	ovary	Cancer
2526	0.801	TTS	ovary	Cancer
2527	0.596	3UTR	ovary	Cancer
2528	-0.544	Intergenic	ovary	Cancer
2529	1.195	SINE	ovary	Cancer
2530	-1.671	LINE	ovary	Cancer
2531	1.048	CpG-Island	ovary	Cancer
2532	1.313	Promoter	ovary	Cancer
2533	0.927	5UTR	ovary	Cancer
2534	1.808	Exon	ovary	Cancer
2535	0.552	Intron	ovary	Cancer
2536	1.174	TTS	ovary	Cancer
2537	1.041	3UTR	ovary	Cancer
2538	-0.931	Intergenic	ovary	Cancer
2539	1.155	SINE	ovary	Cancer
2540	-1.828	LINE	ovary	Cancer
2541	0.908	CpG-Island	ovary	Cancer
2542	1.237	Promoter	ovary	Cancer
2543	0.998	5UTR	ovary	Cancer
2544	1.377	Exon	ovary	Cancer
2545	0.561	Intron	ovary	Cancer
2546	0.951	TTS	ovary	Cancer
2547	0.763	3UTR	ovary	Cancer
2548	-0.469	Intergenic	ovary	Cancer
2549	0.756	SINE	ovary	Cancer
2550	-1.538	LINE	ovary	Cancer
2551	1.302	CpG-Island	ovary	Cancer
2552	1.326	Promoter	ovary	Cancer
2553	1.089	5UTR	ovary	Cancer
2554	1.914	Exon	ovary	Cancer
2555	0.56	Intron	ovary	Cancer
2556	1.107	TTS	ovary	Cancer
2557	1.009	3UTR	ovary	Cancer
2558	-0.804	Intergenic	ovary	Cancer
2559	1.011	SINE	ovary	Cancer
2560	-1.755	LINE	ovary	Cancer
2561	0.276	CpG-Island	ovary	Cancer
2562	0.578	Promoter	ovary	Cancer
2563	0.602	5UTR	ovary	Cancer
2564	1.274	Exon	ovary	Cancer
2565	0.402	Intron	ovary	Cancer
2566	0.671	TTS	ovary	Cancer
2567	0.577	3UTR	ovary	Cancer
2568	-0.566	Intergenic	ovary	Cancer
2569	1.019	SINE	ovary	Cancer
2570	-1.221	LINE	ovary	Cancer
2571	1.294	CpG-Island	ovary	Cancer
2572	1.42	Promoter	ovary	Cancer
2573	1.111	5UTR	ovary	Cancer
2574	1.795	Exon	ovary	Cancer
2575	0.608	Intron	ovary	Cancer
2576	1.026	TTS	ovary	Cancer
2577	0.974	3UTR	ovary	Cancer
2578	-0.793	Intergenic	ovary	Cancer
2579	0.972	SINE	ovary	Cancer
2580	-1.77	LINE	ovary	Cancer
2581	0.708	CpG-Island	ovary	Cancer
2582	1.05	Promoter	ovary	Cancer
2583	0.665	5UTR	ovary	Cancer
2584	1.202	Exon	ovary	Cancer
2585	0.326	Intron	ovary	Cancer
2586	0.667	TTS	ovary	Cancer
2587	0.474	3UTR	ovary	Cancer
2588	-0.478	Intergenic	ovary	Cancer
2589	0.879	SINE	ovary	Cancer
2590	-0.911	LINE	ovary	Cancer
2591	0.995	CpG-Island	ovary	Cancer
2592	1.172	Promoter	ovary	Cancer
2593	0.946	5UTR	ovary	Cancer
2594	1.563	Exon	ovary	Cancer
2595	0.564	Intron	ovary	Cancer
2596	0.905	TTS	ovary	Cancer
2597	0.846	3UTR	ovary	Cancer
2598	-0.706	Intergenic	ovary	Cancer
2599	1.105	SINE	ovary	Cancer
2600	-1.777	LINE	ovary	Cancer
2601	1.074	CpG-Island	ovary	Cancer
2602	1.479	Promoter	ovary	Cancer
2603	0.979	5UTR	ovary	Cancer
2604	1.611	Exon	ovary	Cancer
2605	0.459	Intron	ovary	Cancer
2606	1.018	TTS	ovary	Cancer
2607	0.812	3UTR	ovary	Cancer
2608	-0.724	Intergenic	ovary	Cancer
2609	1.128	SINE	ovary	Cancer
2610	-1.684	LINE	ovary	Cancer
2611	0.895	CpG-Island	ovary	Cancer
2612	1.308	Promoter	ovary	Cancer
2613	1.07	5UTR	ovary	Cancer
2614	1.632	Exon	ovary	Cancer
2615	0.434	Intron	ovary	Cancer
2616	0.986	TTS	ovary	Cancer
2617	0.843	3UTR	ovary	Cancer
2618	-0.839	Intergenic	ovary	Cancer
2619	1.245	SINE	ovary	Cancer
2620	-1.697	LINE	ovary	Cancer
2621	0.48	CpG-Island	ovary	Cancer
2622	1.065	Promoter	ovary	Cancer
2623	0.864	5UTR	ovary	Cancer
2624	1.676	Exon	ovary	Cancer
2625	0.358	Intron	ovary	Cancer
2626	0.961	TTS	ovary	Cancer
2627	0.819	3UTR	ovary	Cancer
2628	-0.639	Intergenic	ovary	Cancer
2629	1.251	SINE	ovary	Cancer
2630	-1.79	LINE	ovary	Cancer
2631	1.237	CpG-Island	ovary	Cancer
2632	1.423	Promoter	ovary	Cancer
2633	1.081	5UTR	ovary	Cancer
2634	1.803	Exon	ovary	Cancer
2635	0.558	Intron	ovary	Cancer
2636	1.189	TTS	ovary	Cancer
2637	1.029	3UTR	ovary	Cancer
2638	-1.139	Intergenic	ovary	Cancer
2639	1.279	SINE	ovary	Cancer
2640	-1.908	LINE	ovary	Cancer
2641	0.944	CpG-Island	ovary	Cancer
2642	1.341	Promoter	ovary	Cancer
2643	1.033	5UTR	ovary	Cancer
2644	1.525	Exon	ovary	Cancer
2645	0.505	Intron	ovary	Cancer
2646	0.897	TTS	ovary	Cancer
2647	0.758	3UTR	ovary	Cancer
2648	-0.781	Intergenic	ovary	Cancer
2649	1.115	SINE	ovary	Cancer
2650	-1.655	LINE	ovary	Cancer
2651	0.756	CpG-Island	ovary	Cancer
2652	1.127	Promoter	ovary	Cancer
2653	0.959	5UTR	ovary	Cancer
2654	1.444	Exon	ovary	Cancer
2655	0.498	Intron	ovary	Cancer
2656	0.97	TTS	ovary	Cancer
2657	0.833	3UTR	ovary	Cancer
2658	-0.94	Intergenic	ovary	Cancer
2659	1.172	SINE	ovary	Cancer
2660	-1.435	LINE	ovary	Cancer
2661	1.296	CpG-Island	ovary	Cancer
2662	1.222	Promoter	ovary	Cancer
2663	1.039	5UTR	ovary	Cancer
2664	1.777	Exon	ovary	Cancer
2665	0.38	Intron	ovary	Cancer
2666	1.028	TTS	ovary	Cancer
2667	0.779	3UTR	ovary	Cancer
2668	-0.386	Intergenic	ovary	Cancer
2669	0.943	SINE	ovary	Cancer
2670	-1.679	LINE	ovary	Cancer
